Route_Name,Route_Link,Bus_Name,Bus_Type,Departing_Time,Duration,Reaching_Time,Star_Rating,Price,Seat_Availability
Bangalore to Kozhikode,https://www.redbus.in/bus-tickets/bangalore-to-kozhikode,KSRTC (Kerala) - 1585,Super Deluxe Non AC Seater Air Bus (2+2),20:31,09h 05m,5:36,4.2,640,18 Seats available
Bangalore to Kozhikode,https://www.redbus.in/bus-tickets/bangalore-to-kozhikode,KSRTC (Kerala) - 1586,Super Deluxe Non AC Seater Air Bus (2+2),21:31,09h 05m,6:36,3.2,640,5 Seats available
Bangalore to Kozhikode,https://www.redbus.in/bus-tickets/bangalore-to-kozhikode,KSRTC (Kerala) - 2133,Swift Deluxe Non AC Air Bus (2+2),22:12,09h 24m,7:36,3.7,640,6 Seats available
Bangalore to Kozhikode,https://www.redbus.in/bus-tickets/bangalore-to-kozhikode,KSRTC (Kerala) - 2063,SWIFT-GARUDA A/C SEATER BUS,22:32,09h 03m,7:35,4.2,627,1 Seat available
Bangalore to Kozhikode,https://www.redbus.in/bus-tickets/bangalore-to-kozhikode,KSRTC (Kerala) - 574,Super Deluxe Non AC Seater Air Bus (2+2),23:00,10h 30m,9:30,3.7,469,7 Seats available
Bangalore to Kozhikode,https://www.redbus.in/bus-tickets/bangalore-to-kozhikode,KSRTC (Kerala) - 583,Super Deluxe Non AC Seater Air Bus (2+2),23:30,10h 05m,9:35,3.9,469,3 Seats available
Bangalore to Kozhikode,https://www.redbus.in/bus-tickets/bangalore-to-kozhikode,KSRTC (Kerala) - 56,SWIFT-GARUDA A/C SEATER BUS,23:41,09h 24m,9:05,3.8,627,2 Seats available
Bangalore to Kozhikode,https://www.redbus.in/bus-tickets/bangalore-to-kozhikode,KSRTC (Kerala) - 1064,Super Fast Non AC Seater (2+3),23:45,10h 05m,9:50,4.1,473,45 Seats available
Bangalore to Kozhikode,https://www.redbus.in/bus-tickets/bangalore-to-kozhikode,MMK Travels,VE A/C Seater / Sleeper (2+1),22:30,09h 00m,7:30,4.4,700,3 Seats available
Bangalore to Kozhikode,https://www.redbus.in/bus-tickets/bangalore-to-kozhikode,Silver Line Travels,NON A/C Semi Sleeper (2+2),19:45,10h 25m,6:10,4.5,599,14 Seats available
Bangalore to Kozhikode,https://www.redbus.in/bus-tickets/bangalore-to-kozhikode,NS Transports,VE A/C Sleeper (2+1),22:45,08h 45m,7:30,4.1,1100,6 Seats available
Bangalore to Kozhikode,https://www.redbus.in/bus-tickets/bangalore-to-kozhikode,AdSURAJ TRAVEL HOUSE,VE A/C Seater / Sleeper (2+1),21:00,10h 30m,7:30,3.7,648,23 Seats available
Bangalore to Kozhikode,https://www.redbus.in/bus-tickets/bangalore-to-kozhikode,DLT BUS,A/C Sleeper (2+1),22:30,09h 00m,7:30,4,999,12 Seats available
Bangalore to Kozhikode,https://www.redbus.in/bus-tickets/bangalore-to-kozhikode,P K Travels,A/C Sleeper (2+1),18:45,11h 45m,6:30,4.2,1000,14 Seats available
Bangalore to Kozhikode,https://www.redbus.in/bus-tickets/bangalore-to-kozhikode,Kyros Connect,Bharat Benz A/C Semi Sleeper (2+2),23:00,10h 00m,9:00,4.3,999,32 Seats available
Bangalore to Kozhikode,https://www.redbus.in/bus-tickets/bangalore-to-kozhikode,AdDA Transports,A/C Sleeper (2+1),21:45,09h 15m,7:00,3.5,832,17 Seats available
Bangalore to Kozhikode,https://www.redbus.in/bus-tickets/bangalore-to-kozhikode,Suraj Holidays,VE A/C Sleeper (2+1),22:30,09h 00m,7:30,3.9,950,14 Seats available
Bangalore to Kozhikode,https://www.redbus.in/bus-tickets/bangalore-to-kozhikode,NS Transports,Non A/C Seater / Sleeper (2+1),22:15,08h 15m,6:30,4,800,5 Seats available
Bangalore to Kozhikode,https://www.redbus.in/bus-tickets/bangalore-to-kozhikode,SAAM BUS,Bharat Benz A/C Sleeper (2+1),20:10,10h 35m,6:45,4.3,854,6 Seats available
Bangalore to Kozhikode,https://www.redbus.in/bus-tickets/bangalore-to-kozhikode,National travels and logistics,NON A/C Sleeper (2+1),22:45,07h 45m,6:30,3.8,699,13 Seats available
Bangalore to Kozhikode,https://www.redbus.in/bus-tickets/bangalore-to-kozhikode,Kallada Travels (Suresh Kallada),A/C Sleeper (2+1),22:00,09h 05m,7:05,3.8,899,9 Seats available
Bangalore to Kozhikode,https://www.redbus.in/bus-tickets/bangalore-to-kozhikode,SKS Tourist Corporation (REGD),A/C Sleeper (2+1),21:00,08h 30m,5:30,3.8,899,20 Seats available
Bangalore to Kozhikode,https://www.redbus.in/bus-tickets/bangalore-to-kozhikode,P K Travels,A/C Sleeper (2+1),21:45,08h 45m,6:30,3.5,900,16 Seats available
Bangalore to Kozhikode,https://www.redbus.in/bus-tickets/bangalore-to-kozhikode,Suraj Holidays,NON AC Seater / Sleeper 2+1,20:30,09h 30m,6:00,3.4,700,19 Seats available
Bangalore to Kozhikode,https://www.redbus.in/bus-tickets/bangalore-to-kozhikode,A1 Travels,Non A/C Seater / Sleeper (2+1),21:00,09h 45m,6:45,3.3,500,21 Seats available
Bangalore to Kozhikode,https://www.redbus.in/bus-tickets/bangalore-to-kozhikode,SKS Tours & Travels,A/C Sleeper (2+1),21:15,08h 30m,5:45,4.3,849,17 Seats available
Bangalore to Kozhikode,https://www.redbus.in/bus-tickets/bangalore-to-kozhikode,Kalpaka Travels,NON A/C Semi Sleeper (2+2),22:00,08h 30m,6:30,3.2,700,16 Seats available
Bangalore to Kozhikode,https://www.redbus.in/bus-tickets/bangalore-to-kozhikode,SRS Travels,A/C Sleeper (2+1),21:45,08h 55m,6:40,2.3,860,11 Seats available
Bangalore to Kozhikode,https://www.redbus.in/bus-tickets/bangalore-to-kozhikode,A1 Travels,Bharat Benz A/C Seater /Sleeper (2+1),19:45,10h 00m,5:45,3.3,650,31 Seats available
Bangalore to Kozhikode,https://www.redbus.in/bus-tickets/bangalore-to-kozhikode,Bharathi Travels,A/C Sleeper (2+1),23:45,08h 15m,8:00,2.2,1390,13 Seats available
Bangalore to Kozhikode,https://www.redbus.in/bus-tickets/bangalore-to-kozhikode,NS Transports,NON A/C Sleeper (2+1),22:30,08h 15m,6:45,4.1,849,10 Seats available
Bangalore to Kozhikode,https://www.redbus.in/bus-tickets/bangalore-to-kozhikode,P K Travels,Non A/C Seater / Sleeper (2+1),19:15,10h 00m,5:15,3.5,700,4 Seats available
Bangalore to Kozhikode,https://www.redbus.in/bus-tickets/bangalore-to-kozhikode,A1 Travels,A/C Seater / Sleeper (2+1),21:45,09h 15m,7:00,1.8,550,16 Seats available
Bangalore to Kozhikode,https://www.redbus.in/bus-tickets/bangalore-to-kozhikode,Vijay Lines,A/C Seater / Sleeper (2+1),22:20,08h 40m,7:00,1,1499,40 Seats available
Bangalore to Kozhikode,https://www.redbus.in/bus-tickets/bangalore-to-kozhikode,National travels and logistics,A/C Sleeper (2+1),22:45,08h 30m,7:15,3.7,2290,23 Seats available
Bangalore to Kozhikode,https://www.redbus.in/bus-tickets/bangalore-to-kozhikode,Vijay Lines,A/C Seater / Sleeper (2+1),20:45,10h 45m,7:30,1,5000,29 Seats available
Kozhikode to Ernakulam,https://www.redbus.in/bus-tickets/kozhikode-to-ernakulam,KSRTC (Kerala) - 503,Super Deluxe Non AC Seater Air Bus (2+2),17:42,04h 18m,22:00,3.7,309,22 Seats available
Kozhikode to Ernakulam,https://www.redbus.in/bus-tickets/kozhikode-to-ernakulam,KSRTC (Kerala) - 1872,Low Floor AC Seater 2+2,18:30,05h 14m,23:44,3.6,383,12 Seats available
Kozhikode to Ernakulam,https://www.redbus.in/bus-tickets/kozhikode-to-ernakulam,KSRTC (Kerala) - 467,Super Deluxe Non AC Seater Air Bus (2+2),19:55,04h 40m,0:35,1.2,309,31 Seats available
Kozhikode to Ernakulam,https://www.redbus.in/bus-tickets/kozhikode-to-ernakulam,KSRTC (Kerala) - 564,Super Deluxe Non AC Seater Air Bus (2+2),20:12,04h 39m,0:51,4.1,309,27 Seats available
Kozhikode to Ernakulam,https://www.redbus.in/bus-tickets/kozhikode-to-ernakulam,KSRTC (Kerala) - 46,Swift Deluxe Non AC Air Bus (2+2),20:25,04h 36m,1:01,3.2,309,19 Seats available
Kozhikode to Ernakulam,https://www.redbus.in/bus-tickets/kozhikode-to-ernakulam,KSRTC (Kerala) - 2393,Low Floor AC Seater 2+2,20:30,05h 14m,1:44,3.2,383,25 Seats available
Kozhikode to Ernakulam,https://www.redbus.in/bus-tickets/kozhikode-to-ernakulam,KSRTC (Kerala) - 827,Super Fast Non AC Seater (2+3),21:00,05h 35m,2:35,3.6,269,45 Seats available
Kozhikode to Ernakulam,https://www.redbus.in/bus-tickets/kozhikode-to-ernakulam,KSRTC (Kerala) - 531,Super Deluxe Non AC Seater Air Bus (2+2),21:15,03h 55m,1:10,3.3,309,7 Seats available
Kozhikode to Ernakulam,https://www.redbus.in/bus-tickets/kozhikode-to-ernakulam,KSRTC (Kerala) - 42,Swift Deluxe Non AC Air Bus (2+2),21:25,04h 40m,2:05,3.2,309,5 Seats available
Kozhikode to Ernakulam,https://www.redbus.in/bus-tickets/kozhikode-to-ernakulam,KSRTC (Kerala) - 666,Super Fast Non AC Seater (2+3),22:25,05h 54m,4:19,3.2,269,45 Seats available
Kozhikode to Ernakulam,https://www.redbus.in/bus-tickets/kozhikode-to-ernakulam,KSRTC (Kerala) - 1841,Low Floor AC Seater 2+2,22:30,05h 10m,3:40,3,383,27 Seats available
Kozhikode to Ernakulam,https://www.redbus.in/bus-tickets/kozhikode-to-ernakulam,KSRTC (Kerala) - 582,Super Deluxe Non AC Seater Air Bus (2+2),22:40,05h 00m,3:40,3.2,288,19 Seats available
Kozhikode to Ernakulam,https://www.redbus.in/bus-tickets/kozhikode-to-ernakulam,KSRTC (Kerala) - 1704,Super Fast Non AC Seater (2+3),22:40,05h 10m,3:50,3.2,255,37 Seats available
Kozhikode to Ernakulam,https://www.redbus.in/bus-tickets/kozhikode-to-ernakulam,KSRTC (Kerala) - 1011,Super Fast Non AC Seater (2+3),23:00,05h 30m,4:30,3.2,261,33 Seats available
Kozhikode to Ernakulam,https://www.redbus.in/bus-tickets/kozhikode-to-ernakulam,KSRTC (Kerala) - 279,Super Fast Non AC Seater (2+3),23:05,05h 35m,4:40,3.8,269,44 Seats available
Kozhikode to Ernakulam,https://www.redbus.in/bus-tickets/kozhikode-to-ernakulam,KSRTC (Kerala) - 426,Super Deluxe Non AC Seater Air Bus (2+2),23:15,03h 50m,3:05,3.1,268,8 Seats available
Kozhikode to Ernakulam,https://www.redbus.in/bus-tickets/kozhikode-to-ernakulam,KSRTC (Kerala) - 407,Super Deluxe Non AC Seater Air Bus (2+2),23:25,04h 30m,3:55,3.2,299,3 Seats available
Kozhikode to Ernakulam,https://www.redbus.in/bus-tickets/kozhikode-to-ernakulam,A1 Travels,NON A/C Semi Sleeper (2+2),21:00,04h 30m,1:30,3.7,400,16 Seats available
Kozhikode to Ernakulam,https://www.redbus.in/bus-tickets/kozhikode-to-ernakulam,EMERALD TRAVELS,Bharat Benz A/C Semi Sleeper (2+2),21:30,03h 30m,1:00,3.1,700,26 Seats available
Kozhikode to Ernakulam,https://www.redbus.in/bus-tickets/kozhikode-to-ernakulam,BLM Transports,A/C Sleeper (2+1),22:00,04h 45m,2:45,3.9,903,26 Seats available
Kozhikode to Ernakulam,https://www.redbus.in/bus-tickets/kozhikode-to-ernakulam,A1 Travels,Bharat Benz A/C Seater /Sleeper (2+1),22:15,03h 30m,1:45,3.1,700,31 Seats available
Kozhikode to Ernakulam,https://www.redbus.in/bus-tickets/kozhikode-to-ernakulam,A1 Travels,Bharat Benz A/C Seater /Sleeper (2+1),22:30,02h 59m,1:29,3.6,600,29 Seats available
Kozhikode to Ernakulam,https://www.redbus.in/bus-tickets/kozhikode-to-ernakulam,SERA TRAVELS,A/C Seater (2+2),22:30,04h 35m,3:05,4.1,599,9 Seats available
Kozhikode to Ernakulam,https://www.redbus.in/bus-tickets/kozhikode-to-ernakulam,A1 Travels,Bharat Benz A/C Sleeper (2+1),23:30,03h 45m,3:15,3.1,900,25 Seats available
Kozhikode to Ernakulam,https://www.redbus.in/bus-tickets/kozhikode-to-ernakulam,Sonia Travels,A/C Seater/Sleeper (2+1),23:30,04h 59m,4:29,4.2,700,16 Seats available
Kozhikode to Ernakulam,https://www.redbus.in/bus-tickets/kozhikode-to-ernakulam,Sonia Travels,A/C Semi Sleeper (2+2),23:45,03h 45m,3:30,4.2,449,26 Seats available
Kozhikode to Ernakulam,https://www.redbus.in/bus-tickets/kozhikode-to-ernakulam,Surya Connect,Volvo A/C Semi Sleeper (2+2),23:55,05h 20m,5:15,4.7,630,7 Seats available
Kozhikode to Ernakulam,https://www.redbus.in/bus-tickets/kozhikode-to-ernakulam,Cochin Express,A/C Seater Push Back (2+2),23:55,05h 50m,5:45,3.9,650,41 Seats available
Kozhikode to Ernakulam,https://www.redbus.in/bus-tickets/kozhikode-to-ernakulam,Surya Connect,Volvo A/C Semi Sleeper (2+2),23:55,05h 20m,5:15,4.7,580,25 Seats available
Kozhikode to Ernakulam,https://www.redbus.in/bus-tickets/kozhikode-to-ernakulam,Kalpaka Travels 1,A/C Sleeper (2+1),23:59,06h 01m,6:00,3.5,800,10 Seats available
Kozhikode to Ernakulam,https://www.redbus.in/bus-tickets/kozhikode-to-ernakulam,Cochin Express,Volvo Multi-Axle B9R A/c Semi Sleeper (2+2),23:59,06h 16m,6:15,3.6,567,21 Seats available
Kozhikode to Ernakulam,https://www.redbus.in/bus-tickets/kozhikode-to-ernakulam,Cochin Express,A/C Sleeper (2+1),23:59,05h 46m,5:45,4.2,807,4 Seats available
Kozhikode to Ernakulam,https://www.redbus.in/bus-tickets/kozhikode-to-ernakulam,UFO Bus,A/C Semi Sleeper (2+2),0:20,05h 10m,5:30,3.9,479,30 Seats available
Kozhikode to Ernakulam,https://www.redbus.in/bus-tickets/kozhikode-to-ernakulam,UFO Bus,A/C Seater Push Back (2+2),0:20,05h 10m,5:30,3.9,599,30 Seats available
Kozhikode to Ernakulam,https://www.redbus.in/bus-tickets/kozhikode-to-ernakulam,A1 Travels,A/C Seater / Sleeper (2+1),20:05,03h 54m,23:59,2.7,500,24 Seats available
Kozhikode to Ernakulam,https://www.redbus.in/bus-tickets/kozhikode-to-ernakulam,Galaxy Tours,2+1 Air Suspension A/C Seater / Sleeper,21:45,04h 15m,2:00,2.9,650,23 Seats available
Kozhikode to Ernakulam,https://www.redbus.in/bus-tickets/kozhikode-to-ernakulam,Galaxy Tours,A/C Semi Sleeper (2+2),21:45,04h 16m,2:01,2.9,600,26 Seats available
Kozhikode to Ernakulam,https://www.redbus.in/bus-tickets/kozhikode-to-ernakulam,EMERALD TRAVELS,Bharat Benz A/C Semi Sleeper (2+2),21:55,04h 45m,2:40,2.7,700,31 Seats available
Kozhikode to Ernakulam,https://www.redbus.in/bus-tickets/kozhikode-to-ernakulam,Shajees Motors,A/C Semi Sleeper (2+2),22:30,04h 35m,3:05,2.6,480,19 Seats available
Kozhikode to Ernakulam,https://www.redbus.in/bus-tickets/kozhikode-to-ernakulam,LIYAS TOURS,Bharat Benz A/C Sleeper (2+1),23:05,04h 10m,3:15,2.8,849,16 Seats available
Kozhikode to Ernakulam,https://www.redbus.in/bus-tickets/kozhikode-to-ernakulam,Kallada Travels (Suresh Kallada),A/C Sleeper (2+1),23:15,03h 55m,3:10,1.8,850,21 Seats available
Kozhikode to Ernakulam,https://www.redbus.in/bus-tickets/kozhikode-to-ernakulam,Kalpaka Travels 1,A/C Semi Sleeper (2+2),23:59,05h 01m,5:00,2.4,600,29 Seats available
Kozhikode to Ernakulam,https://www.redbus.in/bus-tickets/kozhikode-to-ernakulam,Arya Travels,Volvo Multi-Axle A/C Semi Sleeper (2+2),23:59,05h 01m,5:00,2.7,849,5 Seats available
Kozhikode to Ernakulam,https://www.redbus.in/bus-tickets/kozhikode-to-ernakulam,Arya Travels,A/C Sleeper (2+1),23:59,05h 31m,5:30,2.9,799,13 Seats available
Kozhikode to Ernakulam,https://www.redbus.in/bus-tickets/kozhikode-to-ernakulam,Arya Travels,Volvo Multi-Axle A/C Semi Sleeper (2+2),23:59,05h 31m,5:30,2.9,699,31 Seats available
Kozhikode to Ernakulam,https://www.redbus.in/bus-tickets/kozhikode-to-ernakulam,Arya Travels,Volvo A/C Semi Sleeper (2+2),23:59,05h 31m,5:30,2.9,899,33 Seats available
Kozhikode to Ernakulam,https://www.redbus.in/bus-tickets/kozhikode-to-ernakulam,Madhavi Travels,A/C Sleeper (2+1),22:20,04h 15m,2:35,4,999,10 Seats available
Ernakulam to Kozhikode,https://www.redbus.in/bus-tickets/ernakulam-to-kozhikode,KSRTC (Kerala) - 2572,Super Fast Non AC Seater (2+3),17:10,06h 40m,23:50,2.8,261,41 Seats available
Ernakulam to Kozhikode,https://www.redbus.in/bus-tickets/ernakulam-to-kozhikode,KSRTC (Kerala) - 723,Super Fast Non AC Seater (2+3),17:10,05h 35m,22:45,3.6,269,49 Seats available
Ernakulam to Kozhikode,https://www.redbus.in/bus-tickets/ernakulam-to-kozhikode,KSRTC (Kerala) - 2569,Super Fast Non AC Seater (2+3),18:00,06h 35m,0:35,2.8,261,42 Seats available
Ernakulam to Kozhikode,https://www.redbus.in/bus-tickets/ernakulam-to-kozhikode,KSRTC (Kerala) - 549,Super Deluxe Non AC Seater Air Bus (2+2),18:05,04h 10m,22:15,3.1,309,14 Seats available
Ernakulam to Kozhikode,https://www.redbus.in/bus-tickets/ernakulam-to-kozhikode,KSRTC (Kerala) - 2517,Swift Deluxe Non AC Air Bus (2+2),18:36,04h 40m,23:16,2.8,309,29 Seats available
Ernakulam to Kozhikode,https://www.redbus.in/bus-tickets/ernakulam-to-kozhikode,KSRTC (Kerala) - 2131,Super Deluxe Non AC Seater Air Bus (2+2),20:29,05h 21m,1:50,2.8,288,25 Seats available
Ernakulam to Kozhikode,https://www.redbus.in/bus-tickets/ernakulam-to-kozhikode,KSRTC (Kerala) - 570,Super Deluxe Non AC Seater Air Bus (2+2),21:20,04h 25m,1:45,2.7,309,35 Seats available
Ernakulam to Kozhikode,https://www.redbus.in/bus-tickets/ernakulam-to-kozhikode,KSRTC (Kerala) - 915,Super Fast Non AC Seater (2+3),21:35,05h 35m,3:10,2.8,261,30 Seats available
Ernakulam to Kozhikode,https://www.redbus.in/bus-tickets/ernakulam-to-kozhikode,KSRTC (Kerala) - 352,Super Fast Non AC Seater (2+3),21:46,05h 24m,3:10,4.4,269,42 Seats available
Ernakulam to Kozhikode,https://www.redbus.in/bus-tickets/ernakulam-to-kozhikode,KSRTC (Kerala) - 2071,Super Deluxe Non AC Seater Air Bus (2+2),22:10,04h 20m,2:30,3.7,268,16 Seats available
Ernakulam to Kozhikode,https://www.redbus.in/bus-tickets/ernakulam-to-kozhikode,KSRTC (Kerala) - 1028,Super Fast Non AC Seater (2+3),22:10,05h 20m,3:30,2.8,269,43 Seats available
Ernakulam to Kozhikode,https://www.redbus.in/bus-tickets/ernakulam-to-kozhikode,KSRTC (Kerala) - 43,Swift Deluxe Non AC Air Bus (2+2),22:15,05h 06m,3:21,3,309,9 Seats available
Ernakulam to Kozhikode,https://www.redbus.in/bus-tickets/ernakulam-to-kozhikode,KSRTC (Kerala) - 408,Super Deluxe Non AC Seater Air Bus (2+2),22:30,04h 15m,2:45,2.8,299,15 Seats available
Ernakulam to Kozhikode,https://www.redbus.in/bus-tickets/ernakulam-to-kozhikode,KSRTC (Kerala) - 697,Super Fast Non AC Seater (2+3),22:34,05h 01m,3:35,3.6,231,43 Seats available
Ernakulam to Kozhikode,https://www.redbus.in/bus-tickets/ernakulam-to-kozhikode,KSRTC (Kerala) - 47,Swift Deluxe Non AC Air Bus (2+2),22:55,04h 57m,3:52,3.1,309,11 Seats available
Ernakulam to Kozhikode,https://www.redbus.in/bus-tickets/ernakulam-to-kozhikode,KSRTC (Kerala) - 1845,Low Floor AC Seater 2+2,23:04,05h 06m,4:10,2.8,383,28 Seats available
Ernakulam to Kozhikode,https://www.redbus.in/bus-tickets/ernakulam-to-kozhikode,KSRTC (Kerala) - 431,Super Fast Non AC Seater (2+3),23:15,05h 30m,4:45,2.8,269,42 Seats available
Ernakulam to Kozhikode,https://www.redbus.in/bus-tickets/ernakulam-to-kozhikode,Shajees Motors,A/C Semi Sleeper (2+2),19:30,05h 10m,0:40,3.3,450,13 Seats available
Ernakulam to Kozhikode,https://www.redbus.in/bus-tickets/ernakulam-to-kozhikode,Ubc travels,A/C Seater/Sleeper (2+1),20:45,06h 15m,3:00,4,900,11 Seats available
Ernakulam to Kozhikode,https://www.redbus.in/bus-tickets/ernakulam-to-kozhikode,Holy Maria Travels,A/C Semi Sleeper (2+2),20:50,05h 20m,2:10,3.3,600,30 Seats available
Ernakulam to Kozhikode,https://www.redbus.in/bus-tickets/ernakulam-to-kozhikode,Kalpaka Travels 1,A/C Sleeper (2+1),20:55,05h 35m,2:30,5,800,15 Seats available
Ernakulam to Kozhikode,https://www.redbus.in/bus-tickets/ernakulam-to-kozhikode,Cochin Express,A/C Sleeper (2+1),21:15,05h 15m,2:30,4.4,900,17 Seats available
Ernakulam to Kozhikode,https://www.redbus.in/bus-tickets/ernakulam-to-kozhikode,Cochin Express,Volvo Multi-Axle B9R A/c Semi Sleeper (2+2),21:15,05h 05m,2:20,4.4,567,30 Seats available
Ernakulam to Kozhikode,https://www.redbus.in/bus-tickets/ernakulam-to-kozhikode,Sonia Travels,A/C Semi Sleeper (2+2),21:30,05h 00m,2:30,3.8,600,13 Seats available
Ernakulam to Kozhikode,https://www.redbus.in/bus-tickets/ernakulam-to-kozhikode,UFO Bus,Volvo Multi-Axle B9R A/c Semi Sleeper (2+2),21:30,05h 15m,2:45,4.3,630,17 Seats available
Ernakulam to Kozhikode,https://www.redbus.in/bus-tickets/ernakulam-to-kozhikode,Madhavi Travels,A/C Semi Sleeper (2+2),21:30,04h 45m,2:15,4.6,549,24 Seats available
Ernakulam to Kozhikode,https://www.redbus.in/bus-tickets/ernakulam-to-kozhikode,Sonia Travels,A/C Seater/Sleeper (2+1),21:30,04h 59m,2:29,3.8,700,16 Seats available
Ernakulam to Kozhikode,https://www.redbus.in/bus-tickets/ernakulam-to-kozhikode,Madhavi Travels,A/C Sleeper (2+1),21:40,04h 55m,2:35,4.2,899,15 Seats available
Ernakulam to Kozhikode,https://www.redbus.in/bus-tickets/ernakulam-to-kozhikode,Arya Travels,A/C Sleeper (2+1),21:45,05h 30m,3:15,3.1,799,15 Seats available
Ernakulam to Kozhikode,https://www.redbus.in/bus-tickets/ernakulam-to-kozhikode,Arya Travels,Volvo Multi-Axle A/C Semi Sleeper (2+2),21:45,05h 31m,3:16,3.1,649,16 Seats available
Ernakulam to Kozhikode,https://www.redbus.in/bus-tickets/ernakulam-to-kozhikode,Surya Connect,Volvo A/C Semi Sleeper (2+2),22:00,04h 10m,2:10,3.7,580,26 Seats available
Ernakulam to Kozhikode,https://www.redbus.in/bus-tickets/ernakulam-to-kozhikode,Madhavi Travels,A/C Sleeper (2+1),22:00,04h 45m,2:45,4.8,799,14 Seats available
Ernakulam to Kozhikode,https://www.redbus.in/bus-tickets/ernakulam-to-kozhikode,Kalpaka Travels 1,A/C Semi Sleeper (2+2),22:00,05h 00m,3:00,4.5,600,25 Seats available
Ernakulam to Kozhikode,https://www.redbus.in/bus-tickets/ernakulam-to-kozhikode,Madhavi Travels,A/C Semi Sleeper (2+2),22:10,05h 25m,3:35,3,599,30 Seats available
Ernakulam to Kozhikode,https://www.redbus.in/bus-tickets/ernakulam-to-kozhikode,Madhavi Travels,A/C Semi Sleeper (2+2),22:10,05h 25m,3:35,3.9,499,15 Seats available
Ernakulam to Kozhikode,https://www.redbus.in/bus-tickets/ernakulam-to-kozhikode,EMERALD TRAVELS,A/C Sleeper (2+1),23:30,05h 00m,4:30,3.5,900,24 Seats available
Ernakulam to Kozhikode,https://www.redbus.in/bus-tickets/ernakulam-to-kozhikode,Kallada Travels (Suresh Kallada),A/C Sleeper (2+1),22:10,05h 41m,3:51,2.4,750,14 Seats available
Ernakulam to Kozhikode,https://www.redbus.in/bus-tickets/ernakulam-to-kozhikode,Kallada Travels (Suresh Kallada),A/C Sleeper (2+1),23:59,04h 31m,4:30,2.4,900,21 Seats available
Ernakulam to Kozhikode,https://www.redbus.in/bus-tickets/ernakulam-to-kozhikode,A1 Travels,Bharat Benz A/C Seater /Sleeper (2+1),23:59,05h 01m,5:00,2.6,700,32 Seats available
Ernakulam to Kozhikode,https://www.redbus.in/bus-tickets/ernakulam-to-kozhikode,A1 Travels,Bharat Benz A/C Seater /Sleeper (2+1),23:59,05h 31m,5:30,2.8,700,26 Seats available
Ernakulam to Kozhikode,https://www.redbus.in/bus-tickets/ernakulam-to-kozhikode,Galaxy Tours,2+1 Air Suspension A/C Seater / Sleeper,1:15,04h 45m,6:00,2.8,650,1 Seat available
Ernakulam to Kozhikode,https://www.redbus.in/bus-tickets/ernakulam-to-kozhikode,Adrin Travels,A/C Seater/Sleeper (2+1),21:00,05h 00m,2:00,4.9,1500,1 Seat available
Ernakulam to Kozhikode,https://www.redbus.in/bus-tickets/ernakulam-to-kozhikode,LIYAS TOURS,Bharat Benz A/C Sleeper (2+1),22:40,05h 00m,3:40,4.4,1149,7 Seats available
Ernakulam to Kozhikode,https://www.redbus.in/bus-tickets/ernakulam-to-kozhikode,Madhavi Travels,A/C Sleeper (2+1),23:59,04h 31m,4:30,3.1,999,8 Seats available
Ernakulam to Kozhikode,https://www.redbus.in/bus-tickets/ernakulam-to-kozhikode,A1 Travels,Bharat Benz A/C Sleeper (2+1),23:45,04h 15m,4:00,2.3,1000,24 Seats available
Kozhikode to Mysore,https://www.redbus.in/bus-tickets/kozhikode-to-mysore,KSRTC (Kerala) - 578,Super Deluxe Non AC Seater Air Bus (2+2),18:00,07h 20m,1:20,3.8,350,20 Seats available
Kozhikode to Mysore,https://www.redbus.in/bus-tickets/kozhikode-to-mysore,KSRTC (Kerala) - 72,SWIFT-GARUDA A/C SEATER BUS,19:00,05h 30m,0:30,3.8,452,8 Seats available
Kozhikode to Mysore,https://www.redbus.in/bus-tickets/kozhikode-to-mysore,KSRTC (Kerala) - 1583,Super Deluxe Non AC Seater Air Bus (2+2),20:02,05h 59m,2:01,3.8,419,14 Seats available
Kozhikode to Mysore,https://www.redbus.in/bus-tickets/kozhikode-to-mysore,KSRTC (Kerala) - 234,Swift Deluxe Non AC Air Bus (2+2),21:00,06h 30m,3:30,3.8,398,9 Seats available
Kozhikode to Mysore,https://www.redbus.in/bus-tickets/kozhikode-to-mysore,KSRTC (Kerala) - 1584,Super Deluxe Non AC Seater Air Bus (2+2),21:29,06h 04m,3:33,3.8,419,21 Seats available
Kozhikode to Mysore,https://www.redbus.in/bus-tickets/kozhikode-to-mysore,KSRTC (Kerala) - 50,Swift Deluxe Non AC Air Bus (2+2),22:06,05h 55m,4:01,4,419,22 Seats available
Kozhikode to Mysore,https://www.redbus.in/bus-tickets/kozhikode-to-mysore,KSRTC (Kerala) - 549,Super Deluxe Non AC Seater Air Bus (2+2),22:15,05h 40m,3:55,3.8,419,12 Seats available
Kozhikode to Mysore,https://www.redbus.in/bus-tickets/kozhikode-to-mysore,KSRTC (Kerala) - 719,Super Fast Non AC Seater (2+3),23:00,06h 40m,5:40,4,319,39 Seats available
Kozhikode to Mysore,https://www.redbus.in/bus-tickets/kozhikode-to-mysore,SAAM BUS,Bharat Benz A/C Sleeper (2+1),20:30,07h 30m,4:00,4,759,20 Seats available
Kozhikode to Mysore,https://www.redbus.in/bus-tickets/kozhikode-to-mysore,Sam Tourist,NON AC Seater / Sleeper 2+1,21:00,07h 00m,4:00,3.1,599,40 Seats available
Kozhikode to Mysore,https://www.redbus.in/bus-tickets/kozhikode-to-mysore,Suraj Holidays,NON AC Seater / Sleeper 2+1,21:00,06h 00m,3:00,3.9,700,30 Seats available
Kozhikode to Mysore,https://www.redbus.in/bus-tickets/kozhikode-to-mysore,A1 Travels,Bharat Benz A/C Seater /Sleeper (2+1),21:15,07h 15m,4:30,3.3,650,32 Seats available
Kozhikode to Mysore,https://www.redbus.in/bus-tickets/kozhikode-to-mysore,A1 Travels,Non A/C Seater / Sleeper (2+1),21:30,06h 30m,4:00,3.3,550,26 Seats available
Kozhikode to Mysore,https://www.redbus.in/bus-tickets/kozhikode-to-mysore,DA Transports,A/C Sleeper (2+1),21:50,06h 40m,4:30,3.6,693,28 Seats available
Kozhikode to Mysore,https://www.redbus.in/bus-tickets/kozhikode-to-mysore,Suraj Holidays,VE A/C Sleeper (2+1),22:00,07h 00m,5:00,4.8,800,22 Seats available
Kozhikode to Mysore,https://www.redbus.in/bus-tickets/kozhikode-to-mysore,DA Transports,A/C Sleeper (2+1),22:00,06h 40m,4:40,3.6,749,28 Seats available
Kozhikode to Mysore,https://www.redbus.in/bus-tickets/kozhikode-to-mysore,National travels and logistics,NON A/C Sleeper (2+1),20:45,07h 15m,4:00,2.1,599,18 Seats available
Kozhikode to Mysore,https://www.redbus.in/bus-tickets/kozhikode-to-mysore,SKS Tours & Travels,A/C Sleeper (2+1),21:00,07h 00m,4:00,4,849,24 Seats available
Kozhikode to Mysore,https://www.redbus.in/bus-tickets/kozhikode-to-mysore,NS Transports,VE A/C Sleeper (2+1),21:16,06h 14m,3:30,4.2,899,22 Seats available
Kozhikode to Mysore,https://www.redbus.in/bus-tickets/kozhikode-to-mysore,SKS Tourist Corporation (REGD),A/C Sleeper (2+1),21:30,07h 15m,4:45,3.6,899,19 Seats available
Kozhikode to Mysore,https://www.redbus.in/bus-tickets/kozhikode-to-mysore,National travels and logistics,A/C Sleeper (2+1),21:15,06h 30m,3:45,2.1,2290,32 Seats available
Kozhikode to Thiruvananthapuram,https://www.redbus.in/bus-tickets/kozhikode-to-thiruvananthapuram,KSRTC (Kerala) - 1862,Low Floor AC Seater 2+2,17:30,10h 15m,3:45,3,723,24 Seats available
Kozhikode to Thiruvananthapuram,https://www.redbus.in/bus-tickets/kozhikode-to-thiruvananthapuram,KSRTC (Kerala) - 503,Super Deluxe Non AC Seater Air Bus (2+2),17:42,07h 58m,1:40,2.3,586,21 Seats available
Kozhikode to Thiruvananthapuram,https://www.redbus.in/bus-tickets/kozhikode-to-thiruvananthapuram,KSRTC (Kerala) - 1872,Low Floor AC Seater 2+2,18:30,09h 55m,4:25,3,742,11 Seats available
Kozhikode to Thiruvananthapuram,https://www.redbus.in/bus-tickets/kozhikode-to-thiruvananthapuram,KSRTC (Kerala) - 2372,Low Floor AC Seater 2+2,19:30,08h 40m,4:10,3,723,21 Seats available
Kozhikode to Thiruvananthapuram,https://www.redbus.in/bus-tickets/kozhikode-to-thiruvananthapuram,KSRTC (Kerala) - 467,Super Deluxe Non AC Seater Air Bus (2+2),19:55,09h 00m,4:55,3,586,31 Seats available
Kozhikode to Thiruvananthapuram,https://www.redbus.in/bus-tickets/kozhikode-to-thiruvananthapuram,KSRTC (Kerala) - 564,Super Deluxe Non AC Seater Air Bus (2+2),20:12,08h 58m,5:10,2.6,586,28 Seats available
Kozhikode to Thiruvananthapuram,https://www.redbus.in/bus-tickets/kozhikode-to-thiruvananthapuram,KSRTC (Kerala) - 46,Swift Deluxe Non AC Air Bus (2+2),20:25,08h 40m,5:05,2.3,586,18 Seats available
Kozhikode to Thiruvananthapuram,https://www.redbus.in/bus-tickets/kozhikode-to-thiruvananthapuram,KSRTC (Kerala) - 2393,Low Floor AC Seater 2+2,20:30,10h 05m,6:35,3,742,24 Seats available
Kozhikode to Thiruvananthapuram,https://www.redbus.in/bus-tickets/kozhikode-to-thiruvananthapuram,KSRTC (Kerala) - 827,Super Fast Non AC Seater (2+3),21:00,11h 35m,8:35,3.1,515,40 Seats available
Kozhikode to Thiruvananthapuram,https://www.redbus.in/bus-tickets/kozhikode-to-thiruvananthapuram,KSRTC (Kerala) - 531,Super Deluxe Non AC Seater Air Bus (2+2),21:15,07h 50m,5:05,3.5,586,7 Seats available
Kozhikode to Thiruvananthapuram,https://www.redbus.in/bus-tickets/kozhikode-to-thiruvananthapuram,KSRTC (Kerala) - 42,Swift Deluxe Non AC Air Bus (2+2),21:25,08h 45m,6:10,4.1,586,5 Seats available
Kozhikode to Thiruvananthapuram,https://www.redbus.in/bus-tickets/kozhikode-to-thiruvananthapuram,KSRTC (Kerala) - 1880,Low Floor AC Seater 2+2,21:30,10h 00m,7:30,4.5,723,20 Seats available
Kozhikode to Thiruvananthapuram,https://www.redbus.in/bus-tickets/kozhikode-to-thiruvananthapuram,KSRTC (Kerala) - 44,Swift Deluxe Non AC Air Bus (2+2),21:50,08h 55m,6:45,4.6,565,14 Seats available
Kozhikode to Thiruvananthapuram,https://www.redbus.in/bus-tickets/kozhikode-to-thiruvananthapuram,KSRTC (Kerala) - 1841,Low Floor AC Seater 2+2,22:30,10h 00m,8:30,3,742,24 Seats available
Kozhikode to Thiruvananthapuram,https://www.redbus.in/bus-tickets/kozhikode-to-thiruvananthapuram,KSRTC (Kerala) - 1200,Super Deluxe Non AC Seater Air Bus (2+2),22:35,09h 15m,7:50,3,565,9 Seats available
Kozhikode to Thiruvananthapuram,https://www.redbus.in/bus-tickets/kozhikode-to-thiruvananthapuram,KSRTC (Kerala) - 279,Super Fast Non AC Seater (2+3),23:05,10h 45m,9:50,2.4,515,44 Seats available
Kozhikode to Thiruvananthapuram,https://www.redbus.in/bus-tickets/kozhikode-to-thiruvananthapuram,KSRTC (Kerala) - 426,Super Deluxe Non AC Seater Air Bus (2+2),23:15,08h 35m,7:50,1.9,545,8 Seats available
Kozhikode to Thiruvananthapuram,https://www.redbus.in/bus-tickets/kozhikode-to-thiruvananthapuram,KSRTC (Kerala) - 1843,Low Floor AC Seater 2+2,23:30,10h 05m,9:35,2.5,723,23 Seats available
Kozhikode to Thiruvananthapuram,https://www.redbus.in/bus-tickets/kozhikode-to-thiruvananthapuram,KSRTC (Kerala) - 505,Super Deluxe Non AC Seater Air Bus (2+2),23:59,07h 21m,7:20,2.2,565,4 Seats available
Kozhikode to Thiruvananthapuram,https://www.redbus.in/bus-tickets/kozhikode-to-thiruvananthapuram,BLM Transports,A/C Sleeper (2+1),22:00,09h 00m,7:00,3.8,903,23 Seats available
Kozhikode to Thiruvananthapuram,https://www.redbus.in/bus-tickets/kozhikode-to-thiruvananthapuram,A1 Travels,A/C Seater / Sleeper (2+1),20:05,09h 25m,5:30,3.6,650,19 Seats available
Kozhikode to Thiruvananthapuram,https://www.redbus.in/bus-tickets/kozhikode-to-thiruvananthapuram,Madhavi Travels,A/C Sleeper (2+1),22:20,08h 40m,7:00,3.4,999,4 Seats available
Kozhikode to Thiruvananthapuram,https://www.redbus.in/bus-tickets/kozhikode-to-thiruvananthapuram,LIYAS TOURS,Bharat Benz A/C Sleeper (2+1),23:05,08h 35m,7:40,3.8,849,12 Seats available
Kozhikode to Thiruvananthapuram,https://www.redbus.in/bus-tickets/kozhikode-to-thiruvananthapuram,A1 Travels,NON A/C Semi Sleeper (2+2),21:00,09h 00m,6:00,3.6,550,16 Seats available
Kozhikode to Thiruvananthapuram,https://www.redbus.in/bus-tickets/kozhikode-to-thiruvananthapuram,A1 Travels,Bharat Benz A/C Sleeper (2+1),23:30,08h 30m,8:00,3.7,900,24 Seats available
Kozhikode to Thiruvananthapuram,https://www.redbus.in/bus-tickets/kozhikode-to-thiruvananthapuram,A1 Travels,Bharat Benz A/C Seater /Sleeper (2+1),22:15,07h 30m,5:45,2.6,700,28 Seats available
Kozhikode to Thiruvananthapuram,https://www.redbus.in/bus-tickets/kozhikode-to-thiruvananthapuram,A1 Travels,Bharat Benz A/C Seater /Sleeper (2+1),22:30,07h 30m,6:00,3,600,30 Seats available
Kozhikode to Thiruvananthapuram,https://www.redbus.in/bus-tickets/kozhikode-to-thiruvananthapuram,Galaxy Tours,2+1 Air Suspension A/C Seater / Sleeper,21:45,08h 45m,6:30,3.3,650,25 Seats available
Kozhikode to Thiruvananthapuram,https://www.redbus.in/bus-tickets/kozhikode-to-thiruvananthapuram,Kallada Travels (Suresh Kallada),A/C Sleeper (2+1),23:15,08h 00m,7:15,2.4,1000,22 Seats available
Kozhikode to Thiruvananthapuram,https://www.redbus.in/bus-tickets/kozhikode-to-thiruvananthapuram,EMERALD TRAVELS,Bharat Benz A/C Semi Sleeper (2+2),21:55,08h 30m,6:25,2.2,762,28 Seats available
Kozhikode to Thiruvananthapuram,https://www.redbus.in/bus-tickets/kozhikode-to-thiruvananthapuram,Galaxy Tours,A/C Semi Sleeper (2+2),21:45,08h 45m,6:30,2.7,600,25 Seats available
Kozhikode to Thiruvananthapuram,https://www.redbus.in/bus-tickets/kozhikode-to-thiruvananthapuram,EMERALD TRAVELS,Bharat Benz A/C Semi Sleeper (2+2),21:30,07h 30m,5:00,2.2,700,26 Seats available
Kozhikode to Thiruvananthapuram,https://www.redbus.in/bus-tickets/kozhikode-to-thiruvananthapuram,Balaji Tourist,Volvo Multi-Axle A/C Semisleeper (2+2),22:00,11h 00m,9:00,0,1600,43 Seats available
Bangalore to Kalpetta (kerala),https://www.redbus.in/bus-tickets/bangalore-to-kalpetta,KSRTC (Kerala) - 51,Swift Deluxe Non AC Air Bus (2+2),19:04,07h 46m,2:50,3.9,548,22 Seats available
Bangalore to Kalpetta (kerala),https://www.redbus.in/bus-tickets/bangalore-to-kalpetta,KSRTC (Kerala) - 789,Super Fast Non AC Seater (2+3),20:00,06h 05m,2:05,3.9,473,20 Seats available
Bangalore to Kalpetta (kerala),https://www.redbus.in/bus-tickets/bangalore-to-kalpetta,KSRTC (Kerala) - 1585,Super Deluxe Non AC Seater Air Bus (2+2),20:31,07h 10m,3:41,3.9,548,28 Seats available
Bangalore to Kalpetta (kerala),https://www.redbus.in/bus-tickets/bangalore-to-kalpetta,KSRTC (Kerala) - 1586,Super Deluxe Non AC Seater Air Bus (2+2),21:31,07h 15m,4:46,3.9,548,10 Seats available
Bangalore to Kalpetta (kerala),https://www.redbus.in/bus-tickets/bangalore-to-kalpetta,KSRTC (Kerala) - 2133,Swift Deluxe Non AC Air Bus (2+2),22:12,07h 49m,6:01,3.5,548,8 Seats available
Bangalore to Kalpetta (kerala),https://www.redbus.in/bus-tickets/bangalore-to-kalpetta,KSRTC (Kerala) - 2063,SWIFT-GARUDA A/C SEATER BUS,22:32,06h 43m,5:15,4.3,524,2 Seats available
Bangalore to Kalpetta (kerala),https://www.redbus.in/bus-tickets/bangalore-to-kalpetta,KSRTC (Kerala) - 574,Super Deluxe Non AC Seater Air Bus (2+2),23:00,08h 30m,7:30,3.6,377,11 Seats available
Bangalore to Kalpetta (kerala),https://www.redbus.in/bus-tickets/bangalore-to-kalpetta,KSRTC (Kerala) - 583,Super Deluxe Non AC Seater Air Bus (2+2),23:30,08h 05m,7:35,3,377,6 Seats available
Bangalore to Kalpetta (kerala),https://www.redbus.in/bus-tickets/bangalore-to-kalpetta,KSRTC (Kerala) - 56,SWIFT-GARUDA A/C SEATER BUS,23:41,07h 34m,7:15,4.4,524,4 Seats available
Bangalore to Kalpetta (kerala),https://www.redbus.in/bus-tickets/bangalore-to-kalpetta,MMK Travels,VE A/C Seater / Sleeper (2+1),22:30,07h 00m,5:30,4.6,700,3 Seats available
Bangalore to Kalpetta (kerala),https://www.redbus.in/bus-tickets/bangalore-to-kalpetta,DLT BUS,A/C Sleeper (2+1),22:30,07h 00m,5:30,4.1,999,11 Seats available
Bangalore to Kalpetta (kerala),https://www.redbus.in/bus-tickets/bangalore-to-kalpetta,Suraj Holidays,VE A/C Sleeper (2+1),22:30,07h 45m,6:15,4.7,950,14 Seats available
Bangalore to Kalpetta (kerala),https://www.redbus.in/bus-tickets/bangalore-to-kalpetta,Kallada Travels (Suresh Kallada),A/C Sleeper (2+1),22:00,07h 25m,5:25,4.1,899,9 Seats available
Bangalore to Kalpetta (kerala),https://www.redbus.in/bus-tickets/bangalore-to-kalpetta,Kyros Connect,Bharat Benz A/C Semi Sleeper (2+2),23:00,08h 20m,7:20,4.5,999,33 Seats available
Bangalore to Kalpetta (kerala),https://www.redbus.in/bus-tickets/bangalore-to-kalpetta,MMK Travels,VE A/C Seater / Sleeper (2+1),22:30,07h 15m,5:45,3.9,700,12 Seats available
Bangalore to Kalpetta (kerala),https://www.redbus.in/bus-tickets/bangalore-to-kalpetta,DLT BUS,A/C Sleeper (2+1),22:30,06h 50m,5:20,4,999,11 Seats available
Bangalore to Kalpetta (kerala),https://www.redbus.in/bus-tickets/bangalore-to-kalpetta,Suraj Holidays,VE A/C Sleeper (2+1),22:30,07h 45m,6:15,4.3,950,14 Seats available
Bangalore to Kalpetta (kerala),https://www.redbus.in/bus-tickets/bangalore-to-kalpetta,DA Transports,A/C Sleeper (2+1),21:45,06h 30m,4:15,3.7,899,17 Seats available
Bangalore to Kalpetta (kerala),https://www.redbus.in/bus-tickets/bangalore-to-kalpetta,Kyros Connect,Bharat Benz A/C Semi Sleeper (2+2),23:00,08h 30m,7:30,3.9,999,32 Seats available
Bangalore to Kalpetta (kerala),https://www.redbus.in/bus-tickets/bangalore-to-kalpetta,P K Travels,A/C Sleeper (2+1),21:45,06h 45m,4:30,3.8,900,16 Seats available
Bangalore to Kalpetta (kerala),https://www.redbus.in/bus-tickets/bangalore-to-kalpetta,A1 Travels,Non A/C Seater / Sleeper (2+1),21:00,08h 00m,5:00,3,500,23 Seats available
Bangalore to Kalpetta (kerala),https://www.redbus.in/bus-tickets/bangalore-to-kalpetta,SRS Travels,A/C Sleeper (2+1),21:45,07h 30m,5:15,3.1,930,13 Seats available
Bangalore to Kalpetta (kerala),https://www.redbus.in/bus-tickets/bangalore-to-kalpetta,Silver Line Travels,NON A/C Semi Sleeper (2+2),19:45,08h 35m,4:20,4.5,599,21 Seats available
Bangalore to Kalpetta (kerala),https://www.redbus.in/bus-tickets/bangalore-to-kalpetta,SURAJ TRAVEL HOUSE,VE A/C Seater / Sleeper (2+1),21:00,08h 15m,5:15,4,648,23 Seats available
Bangalore to Kalpetta (kerala),https://www.redbus.in/bus-tickets/bangalore-to-kalpetta,SRS Travels,A/C Sleeper (2+1),21:45,07h 10m,4:55,3.3,860,13 Seats available
Bangalore to Kalpetta (kerala),https://www.redbus.in/bus-tickets/bangalore-to-kalpetta,SKS Tourist Corporation (REGD),A/C Sleeper (2+1),21:00,07h 45m,4:45,3.1,899,20 Seats available
Bangalore to Kalpetta (kerala),https://www.redbus.in/bus-tickets/bangalore-to-kalpetta,SKS Tourist Corporation (REGD),Non A/C Seater / Sleeper (2+1),21:15,07h 10m,4:25,4.2,849,19 Seats available
Bangalore to Kalpetta (kerala),https://www.redbus.in/bus-tickets/bangalore-to-kalpetta,Bharathi Travels,A/C Sleeper (2+1),23:45,07h 15m,7:00,2.5,1390,13 Seats available
Bangalore to Kalpetta (kerala),https://www.redbus.in/bus-tickets/bangalore-to-kalpetta,SKS Tourist Corporation (REGD),A/C Sleeper (2+1),21:00,07h 20m,4:20,2.3,899,20 Seats available
Bangalore to Kalpetta (kerala),https://www.redbus.in/bus-tickets/bangalore-to-kalpetta,NS Transports,NON A/C Sleeper (2+1),22:30,06h 30m,5:00,4.2,849,10 Seats available
Bangalore to Kalpetta (kerala),https://www.redbus.in/bus-tickets/bangalore-to-kalpetta,NS Transports,NON A/C Sleeper (2+1),22:30,06h 31m,5:01,4.2,849,9 Seats available
Bangalore to Kalpetta (kerala),https://www.redbus.in/bus-tickets/bangalore-to-kalpetta,SKS Tourist Corporation (REGD),Non A/C Seater / Sleeper (2+1),21:15,07h 05m,4:20,3.2,849,30 Seats available
Bangalore to Kalpetta (kerala),https://www.redbus.in/bus-tickets/bangalore-to-kalpetta,A1 Travels,A/C Seater / Sleeper (2+1),20:00,08h 30m,4:30,3.1,600,27 Seats available
Bangalore to Kalpetta (kerala),https://www.redbus.in/bus-tickets/bangalore-to-kalpetta,Vijay Lines,A/C Seater / Sleeper (2+1),22:20,06h 25m,4:45,1.8,1499,40 Seats available
Mysore to Kozhikode,https://www.redbus.in/bus-tickets/mysore-to-kozhikode,KSRTC (Kerala) - 798,Super Fast Non AC Seater (2+3),17:00,06h 00m,23:00,3.9,285,45 Seats available
Mysore to Kozhikode,https://www.redbus.in/bus-tickets/mysore-to-kozhikode,KSRTC (Kerala) - 793,Super Fast Non AC Seater (2+3),18:30,05h 30m,0:00,3.9,285,37 Seats available
Mysore to Kozhikode,https://www.redbus.in/bus-tickets/mysore-to-kozhikode,KSRTC (Kerala) - 553,Super Deluxe Non AC Seater Air Bus (2+2),19:50,05h 35m,1:25,3.9,419,6 Seats available
Mysore to Kozhikode,https://www.redbus.in/bus-tickets/mysore-to-kozhikode,KSRTC (Kerala) - 51,Swift Deluxe Non AC Air Bus (2+2),21:50,06h 34m,4:24,4,419,22 Seats available
Mysore to Kozhikode,https://www.redbus.in/bus-tickets/mysore-to-kozhikode,KSRTC (Kerala) - 789,Super Fast Non AC Seater (2+3),22:30,05h 55m,4:25,3.9,473,14 Seats available
Mysore to Kozhikode,https://www.redbus.in/bus-tickets/mysore-to-kozhikode,KSRTC (Kerala) - 1077,Super Fast Non AC Seater (2+3),22:30,07h 20m,5:50,4,319,45 Seats available
Mysore to Kozhikode,https://www.redbus.in/bus-tickets/mysore-to-kozhikode,KSRTC (Kerala) - 1585,Super Deluxe Non AC Seater Air Bus (2+2),23:36,06h 00m,5:36,3.9,419,23 Seats available
Mysore to Kozhikode,https://www.redbus.in/bus-tickets/mysore-to-kozhikode,LIYAS TOURS,Bharat Benz A/C Sleeper (2+1),17:25,05h 40m,23:05,3.8,549,10 Seats available
Mysore to Kozhikode,https://www.redbus.in/bus-tickets/mysore-to-kozhikode,Kallada Travels (Suresh Kallada),A/C Sleeper (2+1),17:30,05h 46m,23:16,3.3,600,25 Seats available
Mysore to Kozhikode,https://www.redbus.in/bus-tickets/mysore-to-kozhikode,Suraj Holidays,NON AC Seater / Sleeper 2+1,23:00,07h 00m,6:00,3.3,700,19 Seats available
Mysore to Kozhikode,https://www.redbus.in/bus-tickets/mysore-to-kozhikode,A1 Travels,Bharat Benz A/C Seater /Sleeper (2+1),23:30,06h 15m,5:45,3,550,33 Seats available
Mysore to Kozhikode,https://www.redbus.in/bus-tickets/mysore-to-kozhikode,SKS Tours & Travels,A/C Sleeper (2+1),23:50,05h 50m,5:40,3.6,849,18 Seats available
Mysore to Kozhikode,https://www.redbus.in/bus-tickets/mysore-to-kozhikode,NS Transports,Non A/C Seater / Sleeper (2+1),0:30,06h 00m,6:30,4.2,800,12 Seats available
Mysore to Kozhikode,https://www.redbus.in/bus-tickets/mysore-to-kozhikode,National travels and logistics,NON A/C Sleeper (2+1),0:40,05h 50m,6:30,3.5,699,13 Seats available
Mysore to Kozhikode,https://www.redbus.in/bus-tickets/mysore-to-kozhikode,A1 Travels,Bharat Benz A/C Sleeper (2+1),17:30,06h 00m,23:30,2.8,500,24 Seats available
Mysore to Kozhikode,https://www.redbus.in/bus-tickets/mysore-to-kozhikode,SKS Tourist Corporation (REGD),A/C Sleeper (2+1),23:55,05h 35m,5:30,3.6,899,20 Seats available
Mysore to Kozhikode,https://www.redbus.in/bus-tickets/mysore-to-kozhikode,NS Transports,VE A/C Sleeper (2+1),0:45,06h 45m,7:30,4.2,1100,10 Seats available
Mysore to Kozhikode,https://www.redbus.in/bus-tickets/mysore-to-kozhikode,SRS Travels,A/C Sleeper (2+1),23:55,06h 45m,6:40,2.2,930,13 Seats available
Kalpetta (kerala) to Bangalore,https://www.redbus.in/bus-tickets/kalpetta-to-bangalore,KSRTC (Kerala) - 578,Super Deluxe Non AC Seater Air Bus (2+2),20:00,08h 00m,4:00,1.8,426,21 Seats available
Kalpetta (kerala) to Bangalore,https://www.redbus.in/bus-tickets/kalpetta-to-bangalore,KSRTC (Kerala) - 72,SWIFT-GARUDA A/C SEATER BUS,20:35,07h 00m,3:35,3.2,586,9 Seats available
Kalpetta (kerala) to Bangalore,https://www.redbus.in/bus-tickets/kalpetta-to-bangalore,KSRTC (Kerala) - 1583,Super Deluxe Non AC Seater Air Bus (2+2),21:57,07h 24m,5:21,3.6,548,13 Seats available
Kalpetta (kerala) to Bangalore,https://www.redbus.in/bus-tickets/kalpetta-to-bangalore,KSRTC (Kerala) - 1353,Super Deluxe Non AC Seater Air Bus (2+2),22:00,07h 10m,5:10,3.3,548,25 Seats available
Kalpetta (kerala) to Bangalore,https://www.redbus.in/bus-tickets/kalpetta-to-bangalore,KSRTC (Kerala) - 197,Super Deluxe Non AC Seater Air Bus (2+2),22:35,07h 55m,6:30,2,589,18 Seats available
Kalpetta (kerala) to Bangalore,https://www.redbus.in/bus-tickets/kalpetta-to-bangalore,KSRTC (Kerala) - 1584,Super Deluxe Non AC Seater Air Bus (2+2),23:29,07h 09m,6:38,3.4,548,23 Seats available
Kalpetta (kerala) to Bangalore,https://www.redbus.in/bus-tickets/kalpetta-to-bangalore,KSRTC (Kerala) - 50,Swift Deluxe Non AC Air Bus (2+2),23:51,06h 50m,6:41,4.2,548,22 Seats available
Kalpetta (kerala) to Bangalore,https://www.redbus.in/bus-tickets/kalpetta-to-bangalore,DLT BUS,A/C Sleeper (2+1),23:45,06h 45m,6:30,4.1,899,18 Seats available
Kalpetta (kerala) to Bangalore,https://www.redbus.in/bus-tickets/kalpetta-to-bangalore,MMK Travels,VE A/C Seater / Sleeper (2+1),23:45,06h 15m,6:00,4.3,700,26 Seats available
Kalpetta (kerala) to Bangalore,https://www.redbus.in/bus-tickets/kalpetta-to-bangalore,MMK Travels,VE A/C Seater / Sleeper (2+1),23:45,06h 15m,6:00,4.5,700,21 Seats available
Kalpetta (kerala) to Bangalore,https://www.redbus.in/bus-tickets/kalpetta-to-bangalore,DA Transports,A/C Sleeper (2+1),23:50,06h 55m,6:45,4.3,749,27 Seats available
Kalpetta (kerala) to Bangalore,https://www.redbus.in/bus-tickets/kalpetta-to-bangalore,Suraj Holidays,VE A/C Sleeper (2+1),23:58,07h 17m,7:15,3.8,800,22 Seats available
Kalpetta (kerala) to Bangalore,https://www.redbus.in/bus-tickets/kalpetta-to-bangalore,P K Travels,A/C Sleeper (2+1),23:35,06h 55m,6:30,3.9,900,21 Seats available
Kalpetta (kerala) to Bangalore,https://www.redbus.in/bus-tickets/kalpetta-to-bangalore,Kallada Travels (Suresh Kallada),A/C Sleeper (2+1),23:30,07h 45m,7:15,4.1,899,18 Seats available
Kalpetta (kerala) to Bangalore,https://www.redbus.in/bus-tickets/kalpetta-to-bangalore,A1 Travels,Non A/C Seater / Sleeper (2+1),23:10,07h 20m,6:30,3.7,550,22 Seats available
Kalpetta (kerala) to Bangalore,https://www.redbus.in/bus-tickets/kalpetta-to-bangalore,Kyros Connect,A/C Semi Sleeper (2+2),19:05,06h 10m,1:15,4,599,31 Seats available
Kalpetta (kerala) to Bangalore,https://www.redbus.in/bus-tickets/kalpetta-to-bangalore,DLT BUS,A/C Sleeper (2+1),23:59,06h 31m,6:30,4.7,899,18 Seats available
Kalpetta (kerala) to Bangalore,https://www.redbus.in/bus-tickets/kalpetta-to-bangalore,DA Transports,A/C Sleeper (2+1),23:50,06h 55m,6:45,4,749,28 Seats available
Kalpetta (kerala) to Bangalore,https://www.redbus.in/bus-tickets/kalpetta-to-bangalore,Kyros Connect,A/C Semi Sleeper (2+2),19:00,06h 15m,1:15,3.5,599,31 Seats available
Kalpetta (kerala) to Bangalore,https://www.redbus.in/bus-tickets/kalpetta-to-bangalore,SKS Tourist Corporation (REGD),A/C Sleeper (2+1),23:50,06h 40m,6:30,3.3,899,19 Seats available
Kalpetta (kerala) to Bangalore,https://www.redbus.in/bus-tickets/kalpetta-to-bangalore,Suraj Holidays,VE A/C Sleeper (2+1),23:59,07h 16m,7:15,3.5,800,22 Seats available
Kalpetta (kerala) to Bangalore,https://www.redbus.in/bus-tickets/kalpetta-to-bangalore,SKS Tourist Corporation (REGD),Non A/C Seater / Sleeper (2+1),23:45,05h 45m,5:30,4.5,849,22 Seats available
Kalpetta (kerala) to Bangalore,https://www.redbus.in/bus-tickets/kalpetta-to-bangalore,Orange Tours And Travels,Bharat Benz A/C Sleeper (2+1),16:45,06h 45m,23:30,2.7,1530,25 Seats available
Kalpetta (kerala) to Bangalore,https://www.redbus.in/bus-tickets/kalpetta-to-bangalore,Orange Tours And Travels,Bharat Benz A/C Sleeper (2+1),16:30,07h 00m,23:30,2.1,1800,25 Seats available
Kalpetta (kerala) to Bangalore,https://www.redbus.in/bus-tickets/kalpetta-to-bangalore,SKS Tourist Corporation (REGD),A/C Sleeper (2+1),23:55,06h 35m,6:30,2.9,899,19 Seats available
Kalpetta (kerala) to Bangalore,https://www.redbus.in/bus-tickets/kalpetta-to-bangalore,Bharathi Travels,A/C Sleeper (2+1),17:20,06h 10m,23:30,1.5,890,18 Seats available
Kalpetta (kerala) to Bangalore,https://www.redbus.in/bus-tickets/kalpetta-to-bangalore,Bharathi Travels,A/C Sleeper (2+1),17:00,06h 30m,23:30,1.6,890,19 Seats available
Kalpetta (kerala) to Bangalore,https://www.redbus.in/bus-tickets/kalpetta-to-bangalore,NS Transports,NON A/C Sleeper (2+1),23:35,07h 30m,7:05,4.2,749,8 Seats available
Kalpetta (kerala) to Bangalore,https://www.redbus.in/bus-tickets/kalpetta-to-bangalore,NS Transports,NON A/C Sleeper (2+1),23:36,07h 29m,7:05,4.2,749,6 Seats available
Kalpetta (kerala) to Bangalore,https://www.redbus.in/bus-tickets/kalpetta-to-bangalore,CHANCHALAS TOURS AND TRAVELS,A/C Semi Sleeper (2+2),16:10,06h 05m,22:15,3.9,599,32 Seats available
Kalpetta (kerala) to Bangalore,https://www.redbus.in/bus-tickets/kalpetta-to-bangalore,A1 Travels,A/C Seater / Sleeper (2+1),23:45,06h 45m,6:30,3.4,650,28 Seats available
Kalpetta (kerala) to Bangalore,https://www.redbus.in/bus-tickets/kalpetta-to-bangalore,Kallada Travels (Suresh Kallada),A/C Sleeper (2+1),16:00,06h 45m,22:45,3.2,800,22 Seats available
Kalpetta (kerala) to Bangalore,https://www.redbus.in/bus-tickets/kalpetta-to-bangalore,SKS Tourist Corporation (REGD),Non A/C Seater / Sleeper (2+1),23:45,05h 45m,5:30,3.2,849,35 Seats available
Kalpetta (kerala) to Bangalore,https://www.redbus.in/bus-tickets/kalpetta-to-bangalore,SURAJ TRAVEL HOUSE,VE A/C Seater / Sleeper (2+1),22:30,07h 30m,6:00,4.1,700,31 Seats available
Kalpetta (kerala) to Bangalore,https://www.redbus.in/bus-tickets/kalpetta-to-bangalore,Bharathi Travels,A/C Sleeper (2+1),22:50,06h 45m,5:35,3,600,24 Seats available
Kalpetta (kerala) to Bangalore,https://www.redbus.in/bus-tickets/kalpetta-to-bangalore,SURAJ TRAVEL HOUSE,VE A/C Seater / Sleeper (2+1),23:00,07h 00m,6:00,2.6,700,28 Seats available
Kalpetta (kerala) to Bangalore,https://www.redbus.in/bus-tickets/kalpetta-to-bangalore,DA Transports,A/C Sleeper (2+1),0:00,07h 45m,7:45,4.2,749,27 Seats available
Kalpetta (kerala) to Bangalore,https://www.redbus.in/bus-tickets/kalpetta-to-bangalore,Bharathi Travels,A/C Sleeper (2+1),23:10,06h 25m,5:35,1.5,600,20 Seats available
Kalpetta (kerala) to Bangalore,https://www.redbus.in/bus-tickets/kalpetta-to-bangalore,DA Transports,A/C Sleeper (2+1),0:00,07h 45m,7:45,3.6,749,28 Seats available
Kalpetta (kerala) to Bangalore,https://www.redbus.in/bus-tickets/kalpetta-to-bangalore,RAVINA TRAVELS,A/C Sleeper (2+1),16:45,06h 50m,23:35,3,999,22 Seats available
Kozhikode to Thrissur,https://www.redbus.in/bus-tickets/kozhikode-to-thrissur,KSRTC (Kerala) - 726,Super Fast Non AC Seater (2+3),17:00,03h 20m,20:20,3,181,46 Seats available
Kozhikode to Thrissur,https://www.redbus.in/bus-tickets/kozhikode-to-thrissur,KSRTC (Kerala) - 2716,Super Fast Non AC Seater (2+3),17:15,03h 30m,20:45,3,181,49 Seats available
Kozhikode to Thrissur,https://www.redbus.in/bus-tickets/kozhikode-to-thrissur,KSRTC (Kerala) - 323,Super Fast Non AC Seater (2+3),17:25,03h 20m,20:45,3,181,38 Seats available
Kozhikode to Thrissur,https://www.redbus.in/bus-tickets/kozhikode-to-thrissur,KSRTC (Kerala) - 1862,Low Floor AC Seater 2+2,17:30,03h 30m,21:00,1.8,253,23 Seats available
Kozhikode to Thrissur,https://www.redbus.in/bus-tickets/kozhikode-to-thrissur,KSRTC (Kerala) - 503,Super Deluxe Non AC Seater Air Bus (2+2),17:42,02h 58m,20:40,3,216,28 Seats available
Kozhikode to Thrissur,https://www.redbus.in/bus-tickets/kozhikode-to-thrissur,KSRTC (Kerala) - 556,Super Deluxe Non AC Seater Air Bus (2+2),18:00,02h 50m,20:50,3,216,25 Seats available
Kozhikode to Thrissur,https://www.redbus.in/bus-tickets/kozhikode-to-thrissur,KSRTC (Kerala) - 1872,Low Floor AC Seater 2+2,18:30,03h 05m,21:35,3,253,15 Seats available
Kozhikode to Thrissur,https://www.redbus.in/bus-tickets/kozhikode-to-thrissur,KSRTC (Kerala) - 48,Swift Deluxe Non AC Air Bus (2+2),19:00,02h 35m,21:35,3,216,31 Seats available
Kozhikode to Thrissur,https://www.redbus.in/bus-tickets/kozhikode-to-thrissur,KSRTC (Kerala) - 2372,Low Floor AC Seater 2+2,19:30,02h 35m,22:05,1.6,253,22 Seats available
Kozhikode to Thrissur,https://www.redbus.in/bus-tickets/kozhikode-to-thrissur,KSRTC (Kerala) - 467,Super Deluxe Non AC Seater Air Bus (2+2),19:55,02h 55m,22:50,3,216,34 Seats available
Kozhikode to Thrissur,https://www.redbus.in/bus-tickets/kozhikode-to-thrissur,KSRTC (Kerala) - 1956,Super Fast Non AC Seater (2+3),20:00,03h 30m,23:30,3,181,33 Seats available
Kozhikode to Thrissur,https://www.redbus.in/bus-tickets/kozhikode-to-thrissur,KSRTC (Kerala) - 564,Super Deluxe Non AC Seater Air Bus (2+2),20:12,02h 28m,22:40,3,216,34 Seats available
Kozhikode to Thrissur,https://www.redbus.in/bus-tickets/kozhikode-to-thrissur,KSRTC (Kerala) - 46,Swift Deluxe Non AC Air Bus (2+2),20:25,02h 35m,23:00,3,216,24 Seats available
Kozhikode to Thrissur,https://www.redbus.in/bus-tickets/kozhikode-to-thrissur,KSRTC (Kerala) - 2393,Low Floor AC Seater 2+2,20:30,03h 05m,23:35,3,253,28 Seats available
Kozhikode to Thrissur,https://www.redbus.in/bus-tickets/kozhikode-to-thrissur,KSRTC (Kerala) - 2206,Super Deluxe Non AC Seater Air Bus (2+2),20:34,02h 55m,23:29,3,216,24 Seats available
Kozhikode to Thrissur,https://www.redbus.in/bus-tickets/kozhikode-to-thrissur,KSRTC (Kerala) - 1506,Super Fast Non AC Seater (2+3),20:35,03h 35m,0:10,3,181,47 Seats available
Kozhikode to Thrissur,https://www.redbus.in/bus-tickets/kozhikode-to-thrissur,KSRTC (Kerala) - 567,Super Deluxe Non AC Seater Air Bus (2+2),20:40,03h 35m,0:15,3,201,29 Seats available
Kozhikode to Thrissur,https://www.redbus.in/bus-tickets/kozhikode-to-thrissur,KSRTC (Kerala) - 424,Super Fast Non AC Seater (2+3),20:45,03h 45m,0:30,3,181,44 Seats available
Kozhikode to Thrissur,https://www.redbus.in/bus-tickets/kozhikode-to-thrissur,KSRTC (Kerala) - 827,Super Fast Non AC Seater (2+3),21:00,03h 30m,0:30,3,181,45 Seats available
Kozhikode to Thrissur,https://www.redbus.in/bus-tickets/kozhikode-to-thrissur,KSRTC (Kerala) - 815,Super Fast Non AC Seater (2+3),21:10,03h 45m,0:55,3,181,45 Seats available
Kozhikode to Thrissur,https://www.redbus.in/bus-tickets/kozhikode-to-thrissur,KSRTC (Kerala) - 531,Super Deluxe Non AC Seater Air Bus (2+2),21:15,02h 25m,23:40,3,216,9 Seats available
Kozhikode to Thrissur,https://www.redbus.in/bus-tickets/kozhikode-to-thrissur,KSRTC (Kerala) - 42,Swift Deluxe Non AC Air Bus (2+2),21:25,02h 40m,0:05,3,216,5 Seats available
Kozhikode to Thrissur,https://www.redbus.in/bus-tickets/kozhikode-to-thrissur,KSRTC (Kerala) - 1880,Low Floor AC Seater 2+2,21:30,03h 05m,0:35,3.7,253,23 Seats available
Kozhikode to Thrissur,https://www.redbus.in/bus-tickets/kozhikode-to-thrissur,KSRTC (Kerala) - 344,Super Fast Non AC Seater (2+3),21:45,03h 20m,1:05,3,181,46 Seats available
Kozhikode to Thrissur,https://www.redbus.in/bus-tickets/kozhikode-to-thrissur,KSRTC (Kerala) - 44,Swift Deluxe Non AC Air Bus (2+2),21:50,02h 50m,0:40,3,216,19 Seats available
Kozhikode to Thrissur,https://www.redbus.in/bus-tickets/kozhikode-to-thrissur,KSRTC (Kerala) - 1212,AC MULTI AXLE,22:00,02h 30m,0:30,3,340,9 Seats available
Kozhikode to Thrissur,https://www.redbus.in/bus-tickets/kozhikode-to-thrissur,KSRTC (Kerala) - 560,Super Deluxe Non AC Seater Air Bus (2+2),22:10,03h 05m,1:15,3,216,30 Seats available
Kozhikode to Thrissur,https://www.redbus.in/bus-tickets/kozhikode-to-thrissur,KSRTC (Kerala) - 409,Super Deluxe Non AC Seater Air Bus (2+2),22:15,02h 30m,0:45,3,216,19 Seats available
Kozhikode to Thrissur,https://www.redbus.in/bus-tickets/kozhikode-to-thrissur,KSRTC (Kerala) - 666,Super Fast Non AC Seater (2+3),22:25,03h 30m,1:55,3,181,45 Seats available
Kozhikode to Thrissur,https://www.redbus.in/bus-tickets/kozhikode-to-thrissur,KSRTC (Kerala) - 2724,Super Fast Non AC Seater (2+3),22:30,03h 30m,2:00,3,174,43 Seats available
Kozhikode to Thrissur,https://www.redbus.in/bus-tickets/kozhikode-to-thrissur,KSRTC (Kerala) - 1841,Low Floor AC Seater 2+2,22:30,03h 10m,1:40,3,253,27 Seats available
Kozhikode to Thrissur,https://www.redbus.in/bus-tickets/kozhikode-to-thrissur,KSRTC (Kerala) - 1200,Super Deluxe Non AC Seater Air Bus (2+2),22:35,02h 55m,1:30,3,216,23 Seats available
Kozhikode to Thrissur,https://www.redbus.in/bus-tickets/kozhikode-to-thrissur,KSRTC (Kerala) - 582,Super Deluxe Non AC Seater Air Bus (2+2),22:40,03h 05m,1:45,3,201,21 Seats available
Kozhikode to Thrissur,https://www.redbus.in/bus-tickets/kozhikode-to-thrissur,KSRTC (Kerala) - 781,Super Fast Non AC Seater (2+3),22:45,03h 25m,2:10,3,181,37 Seats available
Kozhikode to Thrissur,https://www.redbus.in/bus-tickets/kozhikode-to-thrissur,KSRTC (Kerala) - 586,Super Deluxe Non AC Seater Air Bus (2+2),22:50,03h 15m,2:05,3,201,21 Seats available
Kozhikode to Thrissur,https://www.redbus.in/bus-tickets/kozhikode-to-thrissur,KSRTC (Kerala) - 128,Super Deluxe Non AC Seater Air Bus (2+2),22:55,02h 40m,1:35,3,216,17 Seats available
Kozhikode to Thrissur,https://www.redbus.in/bus-tickets/kozhikode-to-thrissur,KSRTC (Kerala) - 1011,Super Fast Non AC Seater (2+3),23:00,03h 25m,2:25,3,174,33 Seats available
Kozhikode to Thrissur,https://www.redbus.in/bus-tickets/kozhikode-to-thrissur,KSRTC (Kerala) - 798,Super Fast Non AC Seater (2+3),23:00,03h 10m,2:10,3,181,49 Seats available
Kozhikode to Thrissur,https://www.redbus.in/bus-tickets/kozhikode-to-thrissur,KSRTC (Kerala) - 279,Super Fast Non AC Seater (2+3),23:05,03h 45m,2:50,3,181,44 Seats available
Kozhikode to Thrissur,https://www.redbus.in/bus-tickets/kozhikode-to-thrissur,KSRTC (Kerala) - 314,Super Fast Non AC Seater (2+3),23:15,03h 30m,2:45,3,181,37 Seats available
Kozhikode to Thrissur,https://www.redbus.in/bus-tickets/kozhikode-to-thrissur,KSRTC (Kerala) - 543,Super Deluxe Non AC Seater Air Bus (2+2),23:20,03h 00m,2:20,3,201,31 Seats available
Kozhikode to Thrissur,https://www.redbus.in/bus-tickets/kozhikode-to-thrissur,KSRTC (Kerala) - 673,Super Fast Non AC Seater (2+3),23:25,03h 15m,2:40,3,181,39 Seats available
Kozhikode to Thrissur,https://www.redbus.in/bus-tickets/kozhikode-to-thrissur,KSRTC (Kerala) - 1843,Low Floor AC Seater 2+2,23:30,03h 05m,2:35,3,253,29 Seats available
Kozhikode to Thrissur,https://www.redbus.in/bus-tickets/kozhikode-to-thrissur,KSRTC (Kerala) - 516,Super Deluxe Non AC Seater Air Bus (2+2),23:40,02h 20m,2:00,3,216,32 Seats available
Kozhikode to Thrissur,https://www.redbus.in/bus-tickets/kozhikode-to-thrissur,KSRTC (Kerala) - 1963,Super Fast Non AC Seater (2+3),23:45,03h 20m,3:05,3,181,50 Seats available
Kozhikode to Thrissur,https://www.redbus.in/bus-tickets/kozhikode-to-thrissur,KSRTC (Kerala) - 345,Super Fast Non AC Seater (2+3),23:55,03h 40m,3:35,3,181,45 Seats available
Kozhikode to Thrissur,https://www.redbus.in/bus-tickets/kozhikode-to-thrissur,KSRTC (Kerala) - 505,Super Deluxe Non AC Seater Air Bus (2+2),23:59,02h 16m,2:15,3,216,8 Seats available
Kozhikode to Thrissur,https://www.redbus.in/bus-tickets/kozhikode-to-thrissur,EMERALD TRAVELS,Bharat Benz A/C Semi Sleeper (2+2),21:30,01h 35m,23:05,3.1,700,27 Seats available
Kozhikode to Thrissur,https://www.redbus.in/bus-tickets/kozhikode-to-thrissur,EMERALD TRAVELS,Bharat Benz A/C Semi Sleeper (2+2),21:55,02h 35m,0:30,3.1,700,31 Seats available
Kozhikode to Thrissur,https://www.redbus.in/bus-tickets/kozhikode-to-thrissur,BLM Transports,A/C Sleeper (2+1),22:00,03h 00m,1:00,3.9,903,26 Seats available
Kozhikode to Thrissur,https://www.redbus.in/bus-tickets/kozhikode-to-thrissur,Madhavi Travels,A/C Sleeper (2+1),22:20,02h 50m,1:10,4,999,9 Seats available
Kozhikode to Thrissur,https://www.redbus.in/bus-tickets/kozhikode-to-thrissur,Kallada Travels (Suresh Kallada),A/C Sleeper (2+1),23:15,02h 25m,1:40,3.2,850,25 Seats available
Kozhikode to Thrissur,https://www.redbus.in/bus-tickets/kozhikode-to-thrissur,Sonia Travels,A/C Seater/Sleeper (2+1),23:30,03h 00m,2:30,3.8,700,34 Seats available
Kozhikode to Thrissur,https://www.redbus.in/bus-tickets/kozhikode-to-thrissur,A1 Travels,Bharat Benz A/C Sleeper (2+1),23:30,02h 00m,1:30,3.7,900,33 Seats available
Kozhikode to Thrissur,https://www.redbus.in/bus-tickets/kozhikode-to-thrissur,Cochin Express,A/C Seater Push Back (2+2),23:55,03h 40m,3:35,4,650,41 Seats available
Kozhikode to Thrissur,https://www.redbus.in/bus-tickets/kozhikode-to-thrissur,Surya Connect,Volvo A/C Semi Sleeper (2+2),23:55,03h 40m,3:35,4.3,630,7 Seats available
Kozhikode to Thrissur,https://www.redbus.in/bus-tickets/kozhikode-to-thrissur,Surya Connect,Volvo A/C Semi Sleeper (2+2),23:55,03h 40m,3:35,4.3,580,27 Seats available
Kozhikode to Thrissur,https://www.redbus.in/bus-tickets/kozhikode-to-thrissur,Cochin Express,Volvo Multi-Axle B9R A/c Semi Sleeper (2+2),23:59,03h 31m,3:30,4,567,21 Seats available
Kozhikode to Thrissur,https://www.redbus.in/bus-tickets/kozhikode-to-thrissur,Kalpaka Travels 1,A/C Sleeper (2+1),23:59,03h 46m,3:45,4,800,12 Seats available
Kozhikode to Thrissur,https://www.redbus.in/bus-tickets/kozhikode-to-thrissur,Arya Travels,Volvo A/C Semi Sleeper (2+2),23:59,03h 16m,3:15,3.1,899,33 Seats available
Kozhikode to Thrissur,https://www.redbus.in/bus-tickets/kozhikode-to-thrissur,Kalpaka Travels 1,A/C Semi Sleeper (2+2),23:59,03h 41m,3:40,4,600,36 Seats available
Kozhikode to Thrissur,https://www.redbus.in/bus-tickets/kozhikode-to-thrissur,Cochin Express,A/C Sleeper (2+1),23:59,03h 31m,3:30,4,807,8 Seats available
Kozhikode to Thrissur,https://www.redbus.in/bus-tickets/kozhikode-to-thrissur,Arya Travels,Volvo Multi-Axle A/C Semi Sleeper (2+2),23:59,03h 31m,3:30,3.1,699,31 Seats available
Kozhikode to Thrissur,https://www.redbus.in/bus-tickets/kozhikode-to-thrissur,Arya Travels,A/C Sleeper (2+1),23:59,03h 16m,3:15,3.1,799,18 Seats available
Kozhikode to Thrissur,https://www.redbus.in/bus-tickets/kozhikode-to-thrissur,Arya Travels,Volvo Multi-Axle A/C Semi Sleeper (2+2),23:59,03h 46m,3:45,3.1,849,5 Seats available
Kozhikode to Thrissur,https://www.redbus.in/bus-tickets/kozhikode-to-thrissur,UFO Bus,A/C Semi Sleeper (2+2),0:20,03h 10m,3:30,4,479,30 Seats available
Kozhikode to Thrissur,https://www.redbus.in/bus-tickets/kozhikode-to-thrissur,UFO Bus,A/C Seater Push Back (2+2),0:20,03h 10m,3:30,4,599,33 Seats available
Kozhikode to Thrissur,https://www.redbus.in/bus-tickets/kozhikode-to-thrissur,Galaxy Tours,2+1 Air Suspension A/C Seater / Sleeper,21:45,03h 00m,0:45,2.9,650,32 Seats available
Kozhikode to Thrissur,https://www.redbus.in/bus-tickets/kozhikode-to-thrissur,Galaxy Tours,A/C Semi Sleeper (2+2),21:45,01h 59m,23:44,2.9,600,27 Seats available
Thiruvananthapuram to Kozhikode,https://www.redbus.in/bus-tickets/thiruvananthapuram-to-kozhikode,KSRTC (Kerala) - 1842,Low Floor AC Seater 2+2,17:00,10h 10m,3:10,3.1,723,22 Seats available
Thiruvananthapuram to Kozhikode,https://www.redbus.in/bus-tickets/thiruvananthapuram-to-kozhikode,KSRTC (Kerala) - 431,Super Fast Non AC Seater (2+3),17:15,11h 30m,4:45,3.1,515,42 Seats available
Thiruvananthapuram to Kozhikode,https://www.redbus.in/bus-tickets/thiruvananthapuram-to-kozhikode,KSRTC (Kerala) - 43,Swift Deluxe Non AC Air Bus (2+2),17:40,09h 41m,3:21,3.1,586,9 Seats available
Thiruvananthapuram to Kozhikode,https://www.redbus.in/bus-tickets/thiruvananthapuram-to-kozhikode,KSRTC (Kerala) - 1845,Low Floor AC Seater 2+2,18:00,10h 10m,4:10,3.1,742,26 Seats available
Thiruvananthapuram to Kozhikode,https://www.redbus.in/bus-tickets/thiruvananthapuram-to-kozhikode,KSRTC (Kerala) - 1199,Super Deluxe Non AC Seater Air Bus (2+2),18:11,09h 54m,4:05,3.1,565,21 Seats available
Thiruvananthapuram to Kozhikode,https://www.redbus.in/bus-tickets/thiruvananthapuram-to-kozhikode,KSRTC (Kerala) - 47,Swift Deluxe Non AC Air Bus (2+2),18:30,09h 22m,3:52,3.1,586,11 Seats available
Thiruvananthapuram to Kozhikode,https://www.redbus.in/bus-tickets/thiruvananthapuram-to-kozhikode,KSRTC (Kerala) - 2364,Low Floor AC Seater 2+2,19:00,10h 10m,5:10,3.1,723,24 Seats available
Thiruvananthapuram to Kozhikode,https://www.redbus.in/bus-tickets/thiruvananthapuram-to-kozhikode,KSRTC (Kerala) - 49,Swift Deluxe Non AC Air Bus (2+2),19:10,09h 10m,4:20,3.1,565,16 Seats available
Thiruvananthapuram to Kozhikode,https://www.redbus.in/bus-tickets/thiruvananthapuram-to-kozhikode,KSRTC (Kerala) - 425,Super Deluxe Non AC Seater Air Bus (2+2),19:15,08h 55m,4:10,3.1,545,13 Seats available
Thiruvananthapuram to Kozhikode,https://www.redbus.in/bus-tickets/thiruvananthapuram-to-kozhikode,KSRTC (Kerala) - 2383,Low Floor AC Seater 2+2,20:00,10h 10m,6:10,3.1,742,17 Seats available
Thiruvananthapuram to Kozhikode,https://www.redbus.in/bus-tickets/thiruvananthapuram-to-kozhikode,KSRTC (Kerala) - 507,Super Deluxe Non AC Seater Air Bus (2+2),20:00,07h 35m,3:35,3.1,565,18 Seats available
Thiruvananthapuram to Kozhikode,https://www.redbus.in/bus-tickets/thiruvananthapuram-to-kozhikode,KSRTC (Kerala) - 528,Super Deluxe Non AC Seater Air Bus (2+2),20:45,07h 55m,4:40,3.3,586,11 Seats available
Thiruvananthapuram to Kozhikode,https://www.redbus.in/bus-tickets/thiruvananthapuram-to-kozhikode,KSRTC (Kerala) - 1855,Low Floor AC Seater 2+2,21:00,10h 00m,7:00,3.1,723,22 Seats available
Thiruvananthapuram to Kozhikode,https://www.redbus.in/bus-tickets/thiruvananthapuram-to-kozhikode,KSRTC (Kerala) - 1124,Super Deluxe Non AC Seater Air Bus (2+2),21:01,08h 44m,5:45,2.3,586,20 Seats available
Thiruvananthapuram to Kozhikode,https://www.redbus.in/bus-tickets/thiruvananthapuram-to-kozhikode,KSRTC (Kerala) - 45,Swift Deluxe Non AC Air Bus (2+2),21:10,09h 03m,6:13,3,565,6 Seats available
Thiruvananthapuram to Kozhikode,https://www.redbus.in/bus-tickets/thiruvananthapuram-to-kozhikode,KSRTC (Kerala) - 1858,Low Floor AC Seater 2+2,22:00,09h 50m,7:50,2.4,742,21 Seats available
Thiruvananthapuram to Kozhikode,https://www.redbus.in/bus-tickets/thiruvananthapuram-to-kozhikode,KSRTC (Kerala) - 325,Super Fast Non AC Seater (2+3),22:05,10h 30m,8:35,3.1,515,41 Seats available
Thiruvananthapuram to Kozhikode,https://www.redbus.in/bus-tickets/thiruvananthapuram-to-kozhikode,KSRTC (Kerala) - 2366,Low Floor AC Seater 2+2,23:00,10h 15m,9:15,3.1,723,22 Seats available
Thiruvananthapuram to Kozhikode,https://www.redbus.in/bus-tickets/thiruvananthapuram-to-kozhikode,KSRTC (Kerala) - 500,Super Deluxe Non AC Seater Air Bus (2+2),23:45,07h 40m,7:25,3.2,586,26 Seats available
Thiruvananthapuram to Kozhikode,https://www.redbus.in/bus-tickets/thiruvananthapuram-to-kozhikode,BLM Transports,A/C Sleeper (2+1),20:15,08h 45m,5:00,4.4,903,19 Seats available
Thiruvananthapuram to Kozhikode,https://www.redbus.in/bus-tickets/thiruvananthapuram-to-kozhikode,Madhavi Travels,A/C Sleeper (2+1),19:50,08h 40m,4:30,4.4,999,8 Seats available
Thiruvananthapuram to Kozhikode,https://www.redbus.in/bus-tickets/thiruvananthapuram-to-kozhikode,A1 Travels,NON A/C Semi Sleeper (2+2),21:00,09h 30m,6:30,3.6,550,25 Seats available
Thiruvananthapuram to Kozhikode,https://www.redbus.in/bus-tickets/thiruvananthapuram-to-kozhikode,A1 Travels,A/C Seater / Sleeper (2+1),21:35,09h 25m,7:00,3,650,33 Seats available
Thiruvananthapuram to Kozhikode,https://www.redbus.in/bus-tickets/thiruvananthapuram-to-kozhikode,A1 Travels,Bharat Benz A/C Seater /Sleeper (2+1),20:30,08h 30m,5:00,3,700,31 Seats available
Thiruvananthapuram to Kozhikode,https://www.redbus.in/bus-tickets/thiruvananthapuram-to-kozhikode,Galaxy Tours,2+1 Air Suspension A/C Seater / Sleeper,21:00,09h 00m,6:00,3.3,650,1 Seat available
Thiruvananthapuram to Kozhikode,https://www.redbus.in/bus-tickets/thiruvananthapuram-to-kozhikode,Kallada Travels (Suresh Kallada),A/C Sleeper (2+1),18:01,10h 59m,5:00,3,900,21 Seats available
Thiruvananthapuram to Kozhikode,https://www.redbus.in/bus-tickets/thiruvananthapuram-to-kozhikode,A1 Travels,Bharat Benz A/C Sleeper (2+1),19:00,09h 00m,4:00,2.7,1000,20 Seats available
Thiruvananthapuram to Kozhikode,https://www.redbus.in/bus-tickets/thiruvananthapuram-to-kozhikode,Kallada Travels (Suresh Kallada),A/C Sleeper (2+1),16:00,11h 51m,3:51,2.2,1000,14 Seats available
Thiruvananthapuram to Kozhikode,https://www.redbus.in/bus-tickets/thiruvananthapuram-to-kozhikode,A1 Travels,Bharat Benz A/C Seater /Sleeper (2+1),20:15,09h 15m,5:30,3.2,700,26 Seats available
Thiruvananthapuram to Kozhikode,https://www.redbus.in/bus-tickets/thiruvananthapuram-to-kozhikode,LIYAS TOURS,Bharat Benz A/C Sleeper (2+1),16:45,10h 55m,3:40,3.9,1099,5 Seats available
Thiruvananthapuram to Kozhikode,https://www.redbus.in/bus-tickets/thiruvananthapuram-to-kozhikode,EMERALD TRAVELS,A/C Sleeper (2+1),19:30,09h 00m,4:30,1.9,900,20 Seats available
Thiruvananthapuram to Kozhikode,https://www.redbus.in/bus-tickets/thiruvananthapuram-to-kozhikode,Balaji Tourist,Volvo Multi-Axle A/C Semisleeper (2+2),16:30,11h 30m,4:00,0,1600,39 Seats available
Bangalore to Kannur,https://www.redbus.in/bus-tickets/bangalore-to-kannur,KSRTC (Kerala) - 136,Swift Deluxe Non AC Air Bus (2+2),20:30,07h 55m,4:25,2.8,568,10 Seats available
Bangalore to Kannur,https://www.redbus.in/bus-tickets/bangalore-to-kannur,KSRTC (Kerala) - 101,Swift Deluxe Non AC Air Bus (2+2),21:16,06h 49m,4:05,4.2,548,6 Seats available
Bangalore to Kannur,https://www.redbus.in/bus-tickets/bangalore-to-kannur,MMK Travels,A/C Sleeper (2+1),22:15,07h 15m,5:30,4.7,850,12 Seats available
Bangalore to Kannur,https://www.redbus.in/bus-tickets/bangalore-to-kannur,Kalpaka Travels,A/C Sleeper (2+1),22:10,06h 50m,5:00,4.4,1000,11 Seats available
Bangalore to Kannur,https://www.redbus.in/bus-tickets/bangalore-to-kannur,Ashoka Travel and Logistics,A/C Sleeper (2+1),21:45,07h 45m,5:30,4.3,1000,3 Seats available
Bangalore to Kannur,https://www.redbus.in/bus-tickets/bangalore-to-kannur,AdSAAM BUS,Bharat Benz A/C Sleeper (2+1),20:10,08h 35m,4:45,3.5,832,8 Seats available
Bangalore to Kannur,https://www.redbus.in/bus-tickets/bangalore-to-kannur,GOLDEN TRAVEL AGENCIES,Volvo A/C Semi Sleeper (2+2),22:45,06h 00m,4:45,4.3,1000,10 Seats available
Bangalore to Kannur,https://www.redbus.in/bus-tickets/bangalore-to-kannur,GOLDEN TRAVEL AGENCIES,NON A/C Sleeper (2+1),22:30,06h 15m,4:45,4.1,900,6 Seats available
Bangalore to Kannur,https://www.redbus.in/bus-tickets/bangalore-to-kannur,GOLDEN TRAVEL AGENCIES,A/C Sleeper (2+1),21:45,07h 40m,5:25,4.1,999,4 Seats available
Bangalore to Kannur,https://www.redbus.in/bus-tickets/bangalore-to-kannur,AdP K Travels,NON A/C Semi Sleeper (2+2),21:45,07h 15m,5:00,4.1,700,24 Seats available
Bangalore to Kannur,https://www.redbus.in/bus-tickets/bangalore-to-kannur,Ashoka Travel and Logistics,A/C Semi Sleeper (2+2),22:30,07h 15m,5:45,3.9,900,15 Seats available
Bangalore to Kannur,https://www.redbus.in/bus-tickets/bangalore-to-kannur,Sugama Tourist,A/C Sleeper (2+1),22:00,07h 30m,5:30,3.8,800,4 Seats available
Bangalore to Kannur,https://www.redbus.in/bus-tickets/bangalore-to-kannur,Kalpaka Travels,NON A/C Seater/ Sleeper (2+1),21:45,07h 35m,5:20,4.1,700,14 Seats available
Bangalore to Kannur,https://www.redbus.in/bus-tickets/bangalore-to-kannur,P K Travels,A/C Seater / Sleeper (2+1),19:15,10h 15m,5:30,3.7,800,25 Seats available
Bangalore to Kannur,https://www.redbus.in/bus-tickets/bangalore-to-kannur,Ashoka Travel and Logistics,NON A/C Semi Sleeper (2+2),22:00,07h 30m,5:30,3.3,800,22 Seats available
Bangalore to Kannur,https://www.redbus.in/bus-tickets/bangalore-to-kannur,National travels and logistics,Non A/C Seater / Sleeper (2+1),22:40,07h 05m,5:45,3.5,549,9 Seats available
Bangalore to Kannur,https://www.redbus.in/bus-tickets/bangalore-to-kannur,Arya Travels,A/C Sleeper (2+1),19:45,09h 25m,5:10,3.3,895,16 Seats available
Bangalore to Kannur,https://www.redbus.in/bus-tickets/bangalore-to-kannur,Kalpaka Travels,NON A/C Semi Sleeper (2+2),21:30,08h 15m,5:45,3.3,700,18 Seats available
Bangalore to Kannur,https://www.redbus.in/bus-tickets/bangalore-to-kannur,Kalpaka Travels,NON A/C Seater/ Sleeper (2+1),22:00,07h 00m,5:00,4.3,700,14 Seats available
Bangalore to Kannur,https://www.redbus.in/bus-tickets/bangalore-to-kannur,Arya Travels,NON A/C Semi Sleeper (2+2),21:55,07h 05m,5:00,3.5,695,21 Seats available
Kozhikode to Kottayam,https://www.redbus.in/bus-tickets/kozhikode-to-kottayam,KSRTC (Kerala) - 1862,Low Floor AC Seater 2+2,17:30,06h 55m,0:25,2.7,475,27 Seats available
Kozhikode to Kottayam,https://www.redbus.in/bus-tickets/kozhikode-to-kottayam,KSRTC (Kerala) - 48,Swift Deluxe Non AC Air Bus (2+2),19:00,05h 40m,0:40,2.4,381,34 Seats available
Kozhikode to Kottayam,https://www.redbus.in/bus-tickets/kozhikode-to-kottayam,KSRTC (Kerala) - 2372,Low Floor AC Seater 2+2,19:30,05h 40m,1:10,2.7,475,27 Seats available
Kozhikode to Kottayam,https://www.redbus.in/bus-tickets/kozhikode-to-kottayam,KSRTC (Kerala) - 2206,Super Deluxe Non AC Seater Air Bus (2+2),20:34,05h 50m,2:24,2.7,381,30 Seats available
Kozhikode to Kottayam,https://www.redbus.in/bus-tickets/kozhikode-to-kottayam,KSRTC (Kerala) - 1506,Super Fast Non AC Seater (2+3),20:35,07h 30m,4:05,2.7,332,47 Seats available
Kozhikode to Kottayam,https://www.redbus.in/bus-tickets/kozhikode-to-kottayam,KSRTC (Kerala) - 567,Super Deluxe Non AC Seater Air Bus (2+2),20:40,06h 49m,3:29,2.7,360,32 Seats available
Kozhikode to Kottayam,https://www.redbus.in/bus-tickets/kozhikode-to-kottayam,KSRTC (Kerala) - 1378,AC MULTI AXLE,20:50,06h 04m,2:54,2.7,606,25 Seats available
Kozhikode to Kottayam,https://www.redbus.in/bus-tickets/kozhikode-to-kottayam,KSRTC (Kerala) - 1880,Low Floor AC Seater 2+2,21:30,06h 35m,4:05,2.7,475,23 Seats available
Kozhikode to Kottayam,https://www.redbus.in/bus-tickets/kozhikode-to-kottayam,KSRTC (Kerala) - 344,Super Fast Non AC Seater (2+3),21:45,06h 40m,4:25,2.7,332,46 Seats available
Kozhikode to Kottayam,https://www.redbus.in/bus-tickets/kozhikode-to-kottayam,KSRTC (Kerala) - 44,Swift Deluxe Non AC Air Bus (2+2),21:50,05h 55m,3:45,2.7,381,29 Seats available
Kozhikode to Kottayam,https://www.redbus.in/bus-tickets/kozhikode-to-kottayam,KSRTC (Kerala) - 560,Super Deluxe Non AC Seater Air Bus (2+2),22:10,06h 20m,4:30,3.2,381,32 Seats available
Kozhikode to Kottayam,https://www.redbus.in/bus-tickets/kozhikode-to-kottayam,KSRTC (Kerala) - 1200,Super Deluxe Non AC Seater Air Bus (2+2),22:35,05h 50m,4:25,2.7,381,28 Seats available
Kozhikode to Kottayam,https://www.redbus.in/bus-tickets/kozhikode-to-kottayam,KSRTC (Kerala) - 1704,Super Fast Non AC Seater (2+3),22:40,07h 01m,5:41,2.7,341,48 Seats available
Kozhikode to Kottayam,https://www.redbus.in/bus-tickets/kozhikode-to-kottayam,KSRTC (Kerala) - 582,Super Deluxe Non AC Seater Air Bus (2+2),22:40,06h 35m,5:15,2.7,370,27 Seats available
Kozhikode to Kottayam,https://www.redbus.in/bus-tickets/kozhikode-to-kottayam,KSRTC (Kerala) - 128,Super Deluxe Non AC Seater Air Bus (2+2),22:55,05h 15m,4:10,2.7,381,24 Seats available
Kozhikode to Kottayam,https://www.redbus.in/bus-tickets/kozhikode-to-kottayam,KSRTC (Kerala) - 543,Super Deluxe Non AC Seater Air Bus (2+2),23:20,07h 10m,6:30,2.7,386,35 Seats available
Kozhikode to Kottayam,https://www.redbus.in/bus-tickets/kozhikode-to-kottayam,KSRTC (Kerala) - 673,Super Fast Non AC Seater (2+3),23:25,06h 30m,5:55,2.8,332,43 Seats available
Kozhikode to Kottayam,https://www.redbus.in/bus-tickets/kozhikode-to-kottayam,KSRTC (Kerala) - 1843,Low Floor AC Seater 2+2,23:30,06h 20m,5:50,3.3,475,29 Seats available
Kozhikode to Kottayam,https://www.redbus.in/bus-tickets/kozhikode-to-kottayam,KSRTC (Kerala) - 1963,Super Fast Non AC Seater (2+3),23:45,06h 15m,6:00,2.7,332,50 Seats available
Kozhikode to Kottayam,https://www.redbus.in/bus-tickets/kozhikode-to-kottayam,KSRTC (Kerala) - 505,Super Deluxe Non AC Seater Air Bus (2+2),23:59,04h 46m,4:45,2.3,381,8 Seats available
Kozhikode to Kottayam,https://www.redbus.in/bus-tickets/kozhikode-to-kottayam,A1 Travels,A/C Seater / Sleeper (2+1),20:05,06h 55m,3:00,3.9,650,32 Seats available
Kozhikode to Kottayam,https://www.redbus.in/bus-tickets/kozhikode-to-kottayam,Sonia Travels,A/C Seater/Sleeper (2+1),23:30,06h 45m,6:15,4.3,750,16 Seats available
Kozhikode to Kottayam,https://www.redbus.in/bus-tickets/kozhikode-to-kottayam,Sonia Travels,A/C Semi Sleeper (2+2),23:45,06h 40m,6:25,4.3,700,26 Seats available
Kozhikode to Kottayam,https://www.redbus.in/bus-tickets/kozhikode-to-kottayam,EMERALD TRAVELS,Bharat Benz A/C Semi Sleeper (2+2),21:55,05h 35m,3:30,3.2,762,29 Seats available
Kannur to Bangalore,https://www.redbus.in/bus-tickets/kannur-to-bangalore,KSRTC (Kerala) - 100,Swift Deluxe Non AC Air Bus (2+2),19:03,07h 18m,2:21,4.9,548,35 Seats available
Kannur to Bangalore,https://www.redbus.in/bus-tickets/kannur-to-bangalore,KSRTC (Kerala) - 1766,Super Deluxe Non AC Seater Air Bus (2+2),20:16,08h 25m,4:41,4.5,568,30 Seats available
Kannur to Bangalore,https://www.redbus.in/bus-tickets/kannur-to-bangalore,KSRTC (Kerala) - 133,Swift Deluxe Non AC Air Bus (2+2),21:00,08h 15m,5:15,4.3,568,22 Seats available
Kannur to Bangalore,https://www.redbus.in/bus-tickets/kannur-to-bangalore,KSRTC (Kerala) - 99,Swift Deluxe Non AC Air Bus (2+2),21:30,08h 30m,6:00,3.3,579,15 Seats available
Kannur to Bangalore,https://www.redbus.in/bus-tickets/kannur-to-bangalore,NS Transports,A/C Sleeper (2+1),21:15,08h 15m,5:30,4.6,949,13 Seats available
Kannur to Bangalore,https://www.redbus.in/bus-tickets/kannur-to-bangalore,Ashoka Travel and Logistics,A/C Sleeper (2+1),21:15,08h 15m,5:30,4.5,1000,12 Seats available
Kannur to Bangalore,https://www.redbus.in/bus-tickets/kannur-to-bangalore,Kalpaka Travels 1,A/C Sleeper (2+1),21:45,07h 15m,5:00,4.2,1000,14 Seats available
Kannur to Bangalore,https://www.redbus.in/bus-tickets/kannur-to-bangalore,AdSAAM BUS,Bharat Benz A/C Sleeper (2+1),21:40,08h 20m,6:00,4,739,14 Seats available
Kannur to Bangalore,https://www.redbus.in/bus-tickets/kannur-to-bangalore,NS Transports,Non A/C Seater / Sleeper (2+1),20:30,08h 50m,5:20,4,699,12 Seats available
Kannur to Bangalore,https://www.redbus.in/bus-tickets/kannur-to-bangalore,Ashoka Travel and Logistics,A/C Semi Sleeper (2+2),21:00,08h 15m,5:15,4.1,900,30 Seats available
Kannur to Bangalore,https://www.redbus.in/bus-tickets/kannur-to-bangalore,Sugama Tourist,A/C Sleeper (2+1),22:00,07h 30m,5:30,3.9,800,16 Seats available
Kannur to Bangalore,https://www.redbus.in/bus-tickets/kannur-to-bangalore,Golden Travels,NON A/C Sleeper (2+1),21:30,07h 30m,5:00,4,899,14 Seats available
Kannur to Bangalore,https://www.redbus.in/bus-tickets/kannur-to-bangalore,Ashoka Travel and Logistics,NON A/C Semi Sleeper (2+2),21:30,07h 30m,5:00,4.2,800,30 Seats available
Kannur to Bangalore,https://www.redbus.in/bus-tickets/kannur-to-bangalore,NS Transports,NON A/C Sleeper (2+1),21:45,08h 00m,5:45,3.6,749,5 Seats available
Kannur to Bangalore,https://www.redbus.in/bus-tickets/kannur-to-bangalore,P K Travels,A/C Seater / Sleeper (2+1),20:45,08h 15m,5:00,3.9,750,27 Seats available
Kannur to Bangalore,https://www.redbus.in/bus-tickets/kannur-to-bangalore,National travels and logistics,Non A/C Seater / Sleeper (2+1),21:15,08h 15m,5:30,3.8,449,17 Seats available
Kannur to Bangalore,https://www.redbus.in/bus-tickets/kannur-to-bangalore,P K Travels,NON A/C Semi Sleeper (2+2),20:30,09h 45m,6:15,3,700,25 Seats available
Kannur to Bangalore,https://www.redbus.in/bus-tickets/kannur-to-bangalore,Arya Travels,A/C Sleeper (2+1),21:25,08h 05m,5:30,3.1,845,20 Seats available
Kannur to Bangalore,https://www.redbus.in/bus-tickets/kannur-to-bangalore,Kalpaka Travels 1,NON A/C Semi Sleeper (2+2),20:45,08h 15m,5:00,4.4,700,22 Seats available
Kannur to Bangalore,https://www.redbus.in/bus-tickets/kannur-to-bangalore,Kalpaka Travels 1,NON A/C Seater/ Sleeper (2+1),21:30,07h 30m,5:00,3.1,700,21 Seats available
Kannur to Bangalore,https://www.redbus.in/bus-tickets/kannur-to-bangalore,Kalpaka Travels 1,NON A/C Seater/ Sleeper (2+1),21:15,07h 45m,5:00,1.9,700,28 Seats available
Kannur to Bangalore,https://www.redbus.in/bus-tickets/kannur-to-bangalore,Bharathi Travels,A/C Sleeper (2+1),20:00,07h 30m,3:30,4.8,690,5 Seats available
Kannur to Bangalore,https://www.redbus.in/bus-tickets/kannur-to-bangalore,Golden Travels,Volvo A/C Semi Sleeper (2+2),21:45,07h 05m,4:50,3.3,899,14 Seats available
Kannur to Bangalore,https://www.redbus.in/bus-tickets/kannur-to-bangalore,Arya Travels,A/C Semi Sleeper (2+2),21:25,08h 05m,5:30,3.8,699,22 Seats available
Kannur to Bangalore,https://www.redbus.in/bus-tickets/kannur-to-bangalore,Golden Travels,NON A/C Semi Sleeper (2+2),21:15,07h 45m,5:00,2.3,799,5 Seats available
Kannur to Bangalore,https://www.redbus.in/bus-tickets/kannur-to-bangalore,Golden Travels,A/C Sleeper (2+1),21:45,07h 25m,5:10,0,899,9 Seats available
Thrissur to Kozhikode,https://www.redbus.in/bus-tickets/thrissur-to-kozhikode,KSRTC (Kerala) - 723,Super Fast Non AC Seater (2+3),19:15,03h 30m,22:45,2.7,181,49 Seats available
Thrissur to Kozhikode,https://www.redbus.in/bus-tickets/thrissur-to-kozhikode,KSRTC (Kerala) - 549,Super Deluxe Non AC Seater Air Bus (2+2),19:30,02h 45m,22:15,2.7,216,15 Seats available
Thrissur to Kozhikode,https://www.redbus.in/bus-tickets/thrissur-to-kozhikode,KSRTC (Kerala) - 2572,Super Fast Non AC Seater (2+3),19:40,04h 10m,23:50,2.7,174,41 Seats available
Thrissur to Kozhikode,https://www.redbus.in/bus-tickets/thrissur-to-kozhikode,KSRTC (Kerala) - 2517,Swift Deluxe Non AC Air Bus (2+2),20:26,02h 50m,23:16,2.7,216,32 Seats available
Thrissur to Kozhikode,https://www.redbus.in/bus-tickets/thrissur-to-kozhikode,KSRTC (Kerala) - 2569,Super Fast Non AC Seater (2+3),20:35,04h 00m,0:35,2.7,174,42 Seats available
Thrissur to Kozhikode,https://www.redbus.in/bus-tickets/thrissur-to-kozhikode,KSRTC (Kerala) - 125,Super Deluxe Non AC Seater Air Bus (2+2),20:40,02h 55m,23:35,2.7,216,31 Seats available
Thrissur to Kozhikode,https://www.redbus.in/bus-tickets/thrissur-to-kozhikode,KSRTC (Kerala) - 1962,Super Fast Non AC Seater (2+3),20:45,03h 14m,23:59,2.7,181,49 Seats available
Thrissur to Kozhikode,https://www.redbus.in/bus-tickets/thrissur-to-kozhikode,KSRTC (Kerala) - 561,Super Deluxe Non AC Seater Air Bus (2+2),21:35,03h 15m,0:50,2.7,201,30 Seats available
Thrissur to Kozhikode,https://www.redbus.in/bus-tickets/thrissur-to-kozhikode,KSRTC (Kerala) - 475,Super Deluxe Non AC Seater Air Bus (2+2),21:40,02h 55m,0:35,2.7,216,23 Seats available
Thrissur to Kozhikode,https://www.redbus.in/bus-tickets/thrissur-to-kozhikode,KSRTC (Kerala) - 2723,Super Fast Non AC Seater (2+3),21:45,03h 25m,1:10,2.7,174,42 Seats available
Thrissur to Kozhikode,https://www.redbus.in/bus-tickets/thrissur-to-kozhikode,KSRTC (Kerala) - 542,Super Deluxe Non AC Seater Air Bus (2+2),21:50,03h 10m,1:00,2.7,201,18 Seats available
Thrissur to Kozhikode,https://www.redbus.in/bus-tickets/thrissur-to-kozhikode,KSRTC (Kerala) - 594,Super Deluxe Non AC Seater Air Bus (2+2),21:55,03h 30m,1:25,2.7,201,21 Seats available
Thrissur to Kozhikode,https://www.redbus.in/bus-tickets/thrissur-to-kozhikode,KSRTC (Kerala) - 819,Super Fast Non AC Seater (2+3),22:05,03h 40m,1:45,2.7,181,49 Seats available
Thrissur to Kozhikode,https://www.redbus.in/bus-tickets/thrissur-to-kozhikode,KSRTC (Kerala) - 1955,Super Fast Non AC Seater (2+3),22:20,03h 15m,1:35,2.7,181,44 Seats available
Thrissur to Kozhikode,https://www.redbus.in/bus-tickets/thrissur-to-kozhikode,KSRTC (Kerala) - 2131,Super Deluxe Non AC Seater Air Bus (2+2),22:35,03h 15m,1:50,2.7,201,26 Seats available
Thrissur to Kozhikode,https://www.redbus.in/bus-tickets/thrissur-to-kozhikode,KSRTC (Kerala) - 515,Super Deluxe Non AC Seater Air Bus (2+2),22:55,02h 30m,1:25,2.7,216,19 Seats available
Thrissur to Kozhikode,https://www.redbus.in/bus-tickets/thrissur-to-kozhikode,KSRTC (Kerala) - 811,Super Fast Non AC Seater (2+3),23:00,03h 20m,2:20,2.7,181,48 Seats available
Thrissur to Kozhikode,https://www.redbus.in/bus-tickets/thrissur-to-kozhikode,KSRTC (Kerala) - 570,Super Deluxe Non AC Seater Air Bus (2+2),23:05,02h 40m,1:45,2.7,216,36 Seats available
Thrissur to Kozhikode,https://www.redbus.in/bus-tickets/thrissur-to-kozhikode,KSRTC (Kerala) - 559,Super Deluxe Non AC Seater Air Bus (2+2),23:10,03h 00m,2:10,2.7,216,33 Seats available
Thrissur to Kozhikode,https://www.redbus.in/bus-tickets/thrissur-to-kozhikode,KSRTC (Kerala) - 312,Super Fast Non AC Seater (2+3),23:15,03h 30m,2:45,2.7,181,36 Seats available
Thrissur to Kozhikode,https://www.redbus.in/bus-tickets/thrissur-to-kozhikode,KSRTC (Kerala) - 585,Super Deluxe Non AC Seater Air Bus (2+2),23:30,03h 25m,2:55,2.7,201,36 Seats available
Thrissur to Kozhikode,https://www.redbus.in/bus-tickets/thrissur-to-kozhikode,KSRTC (Kerala) - 352,Super Fast Non AC Seater (2+3),23:45,03h 25m,3:10,2.7,181,42 Seats available
Thrissur to Kozhikode,https://www.redbus.in/bus-tickets/thrissur-to-kozhikode,KSRTC (Kerala) - 915,Super Fast Non AC Seater (2+3),23:45,03h 25m,3:10,2.7,174,29 Seats available
Thrissur to Kozhikode,https://www.redbus.in/bus-tickets/thrissur-to-kozhikode,Madhavi Travels,A/C Semi Sleeper (2+2),23:59,03h 36m,3:35,4,499,16 Seats available
Thrissur to Kozhikode,https://www.redbus.in/bus-tickets/thrissur-to-kozhikode,Ubc travels,A/C Semi Sleeper (2+2),22:30,02h 30m,1:00,3.9,700,1 Seat available
Thrissur to Kozhikode,https://www.redbus.in/bus-tickets/thrissur-to-kozhikode,Kallada Travels (Suresh Kallada),A/C Sleeper (2+1),22:31,02h 54m,1:25,3.2,1100,8 Seats available
Thrissur to Kozhikode,https://www.redbus.in/bus-tickets/thrissur-to-kozhikode,Adrin Travels,A/C Seater/Sleeper (2+1),23:05,02h 55m,2:00,4,1000,35 Seats available
Thrissur to Kozhikode,https://www.redbus.in/bus-tickets/thrissur-to-kozhikode,Ubc travels,A/C Seater/Sleeper (2+1),23:20,03h 40m,3:00,3.9,900,48 Seats available
Thrissur to Kozhikode,https://www.redbus.in/bus-tickets/thrissur-to-kozhikode,Madhavi Travels,A/C Semi Sleeper (2+2),23:20,02h 55m,2:15,4,549,32 Seats available
Thrissur to Kozhikode,https://www.redbus.in/bus-tickets/thrissur-to-kozhikode,Surya Connect,Volvo A/C Semi Sleeper (2+2),23:20,02h 50m,2:10,4.3,580,28 Seats available
Thrissur to Kozhikode,https://www.redbus.in/bus-tickets/thrissur-to-kozhikode,Cochin Express,Volvo Multi-Axle B9R A/c Semi Sleeper (2+2),23:30,02h 50m,2:20,4,567,30 Seats available
Thrissur to Kozhikode,https://www.redbus.in/bus-tickets/thrissur-to-kozhikode,Kalpaka Travels 1,A/C Sleeper (2+1),23:40,02h 50m,2:30,4,800,30 Seats available
Thrissur to Kozhikode,https://www.redbus.in/bus-tickets/thrissur-to-kozhikode,Cochin Express,A/C Sleeper (2+1),23:40,02h 50m,2:30,4,900,17 Seats available
Thrissur to Kozhikode,https://www.redbus.in/bus-tickets/thrissur-to-kozhikode,UFO Bus,Volvo Multi-Axle B9R A/c Semi Sleeper (2+2),23:40,03h 05m,2:45,4,630,23 Seats available
Thrissur to Kozhikode,https://www.redbus.in/bus-tickets/thrissur-to-kozhikode,Madhavi Travels,A/C Sleeper (2+1),23:45,02h 50m,2:35,4,899,16 Seats available
Thrissur to Kozhikode,https://www.redbus.in/bus-tickets/thrissur-to-kozhikode,LIYAS TOURS,Bharat Benz A/C Sleeper (2+1),23:47,03h 53m,3:40,3.9,1149,7 Seats available
Thrissur to Kozhikode,https://www.redbus.in/bus-tickets/thrissur-to-kozhikode,Madhavi Travels,A/C Semi Sleeper (2+2),23:50,0-21h 0-15m,3:35,4,599,30 Seats available
Thrissur to Kozhikode,https://www.redbus.in/bus-tickets/thrissur-to-kozhikode,Sonia Travels,A/C Seater/Sleeper (2+1),23:50,02h 39m,2:29,3.8,700,29 Seats available
Thrissur to Kozhikode,https://www.redbus.in/bus-tickets/thrissur-to-kozhikode,Kallada Travels (Suresh Kallada),A/C Sleeper (2+1),23:55,03h 55m,3:50,3.2,1000,12 Seats available
Thrissur to Kozhikode,https://www.redbus.in/bus-tickets/thrissur-to-kozhikode,Madhavi Travels,A/C Sleeper (2+1),23:55,02h 50m,2:45,4,799,20 Seats available
Thrissur to Kozhikode,https://www.redbus.in/bus-tickets/thrissur-to-kozhikode,Kalpaka Travels 1,A/C Semi Sleeper (2+2),23:55,03h 05m,3:00,4,600,36 Seats available
Thrissur to Kozhikode,https://www.redbus.in/bus-tickets/thrissur-to-kozhikode,Arya Travels,A/C Sleeper (2+1),23:59,03h 16m,3:15,3.1,799,15 Seats available
Thrissur to Kozhikode,https://www.redbus.in/bus-tickets/thrissur-to-kozhikode,Arya Travels,Volvo Multi-Axle A/C Semi Sleeper (2+2),23:59,03h 17m,3:16,3.1,649,34 Seats available
Thrissur to Kozhikode,https://www.redbus.in/bus-tickets/thrissur-to-kozhikode,EMERALD TRAVELS,A/C Sleeper (2+1),2:30,02h 00m,4:30,3.1,900,22 Seats available
Thrissur to Kozhikode,https://www.redbus.in/bus-tickets/thrissur-to-kozhikode,Galaxy Tours,2+1 Air Suspension A/C Seater / Sleeper,2:45,03h 15m,6:00,2.9,650,1 Seat available
Kozhikode to Kalpetta (kerala),https://www.redbus.in/bus-tickets/kozhikode-to-kalpetta,KSRTC (Kerala) - 549,Super Deluxe Non AC Seater Air Bus (2+2),22:15,02h 35m,0:50,4,145,10 Seats available
Kozhikode to Kalpetta (kerala),https://www.redbus.in/bus-tickets/kozhikode-to-kalpetta,KSRTC (Kerala) - 719,Super Fast Non AC Seater (2+3),23:00,02h 00m,1:00,4,111,40 Seats available
Kalpetta (kerala) to Kozhikode,https://www.redbus.in/bus-tickets/kalpetta-to-kozhikode,KSRTC (Kerala) - 42,Swift Deluxe Non AC Air Bus (2+2),18:55,02h 30m,21:25,3.5,145,18 Seats available
Kalpetta (kerala) to Kozhikode,https://www.redbus.in/bus-tickets/kalpetta-to-kozhikode,KSRTC (Kerala) - 815,Super Fast Non AC Seater (2+3),19:20,01h 50m,21:10,3.5,111,46 Seats available
Kalpetta (kerala) to Kozhikode,https://www.redbus.in/bus-tickets/kalpetta-to-kozhikode,KSRTC (Kerala) - 44,Swift Deluxe Non AC Air Bus (2+2),20:05,01h 45m,21:50,3.5,145,24 Seats available
Kalpetta (kerala) to Kozhikode,https://www.redbus.in/bus-tickets/kalpetta-to-kozhikode,KSRTC (Kerala) - 781,Super Fast Non AC Seater (2+3),20:20,02h 25m,22:45,3.5,111,39 Seats available
Kalpetta (kerala) to Kozhikode,https://www.redbus.in/bus-tickets/kalpetta-to-kozhikode,KSRTC (Kerala) - 409,Super Deluxe Non AC Seater Air Bus (2+2),20:30,01h 45m,22:15,3.5,145,23 Seats available
Kalpetta (kerala) to Kozhikode,https://www.redbus.in/bus-tickets/kalpetta-to-kozhikode,KSRTC (Kerala) - 582,Super Deluxe Non AC Seater Air Bus (2+2),20:30,02h 10m,22:40,3.5,129,23 Seats available
Kalpetta (kerala) to Kozhikode,https://www.redbus.in/bus-tickets/kalpetta-to-kozhikode,KSRTC (Kerala) - 560,Super Deluxe Non AC Seater Air Bus (2+2),20:35,01h 35m,22:10,3.5,134,29 Seats available
Kalpetta (kerala) to Kozhikode,https://www.redbus.in/bus-tickets/kalpetta-to-kozhikode,KSRTC (Kerala) - 1200,Super Deluxe Non AC Seater Air Bus (2+2),20:41,01h 54m,22:35,3.5,134,23 Seats available
Kalpetta (kerala) to Kozhikode,https://www.redbus.in/bus-tickets/kalpetta-to-kozhikode,KSRTC (Kerala) - 673,Super Fast Non AC Seater (2+3),21:10,02h 15m,23:25,3.5,111,39 Seats available
Kalpetta (kerala) to Kozhikode,https://www.redbus.in/bus-tickets/kalpetta-to-kozhikode,KSRTC (Kerala) - 586,Super Deluxe Non AC Seater Air Bus (2+2),21:15,01h 35m,22:50,3.5,129,34 Seats available
Kalpetta (kerala) to Kozhikode,https://www.redbus.in/bus-tickets/kalpetta-to-kozhikode,KSRTC (Kerala) - 345,Super Fast Non AC Seater (2+3),21:51,02h 04m,23:55,3.5,108,47 Seats available
Kalpetta (kerala) to Kozhikode,https://www.redbus.in/bus-tickets/kalpetta-to-kozhikode,KSRTC (Kerala) - 407,Super Deluxe Non AC Seater Air Bus (2+2),22:00,01h 25m,23:25,3.5,145,6 Seats available
Kalpetta (kerala) to Kozhikode,https://www.redbus.in/bus-tickets/kalpetta-to-kozhikode,KSRTC (Kerala) - 793,Super Fast Non AC Seater (2+3),22:05,01h 55m,0:00,3.5,111,41 Seats available
Kalpetta (kerala) to Kozhikode,https://www.redbus.in/bus-tickets/kalpetta-to-kozhikode,KSRTC (Kerala) - 505,Super Deluxe Non AC Seater Air Bus (2+2),22:25,01h 34m,23:59,3,145,23 Seats available
Kalpetta (kerala) to Kozhikode,https://www.redbus.in/bus-tickets/kalpetta-to-kozhikode,KSRTC (Kerala) - 2072,Super Deluxe Non AC Seater Air Bus (2+2),22:55,01h 35m,0:30,3.5,145,8 Seats available
Kalpetta (kerala) to Kozhikode,https://www.redbus.in/bus-tickets/kalpetta-to-kozhikode,Cochin Express,A/C Sleeper (2+1),22:30,01h 29m,23:59,4,807,7 Seats available
Kalpetta (kerala) to Kozhikode,https://www.redbus.in/bus-tickets/kalpetta-to-kozhikode,Cochin Express,Volvo Multi-Axle B9R A/c Semi Sleeper (2+2),22:25,01h 34m,23:59,4,667,21 Seats available
Kalpetta (kerala) to Kozhikode,https://www.redbus.in/bus-tickets/kalpetta-to-kozhikode,Cochin Express,A/C Sleeper (2+1),22:30,01h 29m,23:59,4,807,8 Seats available
Kalpetta (kerala) to Kozhikode,https://www.redbus.in/bus-tickets/kalpetta-to-kozhikode,Cochin Express,Volvo Multi-Axle B9R A/c Semi Sleeper (2+2),22:25,01h 34m,23:59,4,667,21 Seats available
Kalpetta (kerala) to Kozhikode,https://www.redbus.in/bus-tickets/kalpetta-to-kozhikode,Sonia Travels,A/C Semi Sleeper (2+2),21:30,02h 10m,23:40,3.8,300,30 Seats available
Kalpetta (kerala) to Kozhikode,https://www.redbus.in/bus-tickets/kalpetta-to-kozhikode,Sonia Travels,A/C Seater/Sleeper (2+1),21:30,01h 59m,23:29,3.8,750,19 Seats available
Kalpetta (kerala) to Kozhikode,https://www.redbus.in/bus-tickets/kalpetta-to-kozhikode,Sonia Travels,A/C Seater/Sleeper (2+1),19:25,04h 04m,23:29,3.8,750,17 Seats available
Kalpetta (kerala) to Kozhikode,https://www.redbus.in/bus-tickets/kalpetta-to-kozhikode,Sonia Travels,A/C Semi Sleeper (2+2),19:30,04h 10m,23:40,3.8,300,30 Seats available
Kalpetta (kerala) to Kozhikode,https://www.redbus.in/bus-tickets/kalpetta-to-kozhikode,A1 Travels,Bharat Benz A/C Sleeper (2+1),21:00,02h 30m,23:30,3.7,500,33 Seats available
Kalpetta (kerala) to Kozhikode,https://www.redbus.in/bus-tickets/kalpetta-to-kozhikode,Cochin Express,A/C Seater Push Back (2+2),22:30,01h 25m,23:55,4,650,41 Seats available
